stadium,major,share_pct
고척,쇼핑업,36.86048123871527
고척,숙박업,1.3726437121724877
고척,식음료업,36.2569641996374
고척,여가서비스업,2.633062600330545
고척,여행업,0.13315492813173424
고척,운송업,20.233852765510832
고척,의료웰니스업,2.5098405555017225
광주,쇼핑업,40.39069177867258
광주,숙박업,0.8177409877951789
광주,식음료업,29.83215036652901
광주,여가서비스업,2.578345470538264
광주,여행업,0.029035718002712277
광주,운송업,23.568007465794878
광주,의료웰니스업,2.7840282126673763
대구,쇼핑업,24.721769850662934
대구,숙박업,5.532270959153675
대구,식음료업,38.300951628429594
대구,여가서비스업,2.0723756347903093
대구,여행업,0.15343297362517772
대구,운송업,26.452214554205415
대구,의료웰니스업,2.766984399132894
대전,쇼핑업,25.842112413934696
대전,숙박업,0.5792267323600109
대전,식음료업,55.730982502915836
대전,여가서비스업,2.6853828948712484
대전,여행업,0.04612744475755411
대전,운송업,13.098422148281855
대전,의료웰니스업,2.0177458628787974
문학,쇼핑업,53.27708405100764
문학,숙박업,0.59736523547409
문학,식음료업,31.36591426345311
문학,여가서비스업,1.9749433268883427
문학,여행업,0.14462571529860915
문학,운송업,10.78274238388838
문학,의료웰니스업,1.8573250239898282
사직,쇼핑업,37.40706935208099
사직,숙박업,3.464304590386159
사직,식음료업,39.89384991284082
사직,여가서비스업,2.30552998105173
사직,여행업,0.2346571275390277
사직,운송업,13.534961846032454
사직,의료웰니스업,3.1596271900688215
수원,쇼핑업,29.725463218778646
수원,숙박업,0.42463757369518285
수원,식음료업,32.27225400929941
수원,여가서비스업,2.3733718029840354
수원,여행업,0.06283779734010318
수원,운송업,31.767155066042235
수원,의료웰니스업,3.374280531860384
잠실,쇼핑업,56.02050761155216
잠실,숙박업,2.0313060726979377
잠실,식음료업,27.109811634746713
잠실,여가서비스업,5.53293005330167
잠실,여행업,0.12546926819741638
잠실,운송업,6.8225801509495305
잠실,의료웰니스업,2.3573952085545775
창원,쇼핑업,31.676700647550142
창원,숙박업,0.5980495742220291
창원,식음료업,27.841464349804777
창원,여가서비스업,2.074810706226052
창원,여행업,0.014837336355345704
창원,운송업,35.60007469469985
창원,의료웰니스업,2.1940626911418013
