stadium,sigungu,total_2025_억원,lodging_share_pct,lodging_share_season_pct,lodging_share_off_pct,monthly_season_억원,monthly_off_억원,season_vs_off_pct,lodging_season_vs_off_pct,food_share_pct,shopping_share_pct,stadium_dong,stadium_dong_share_pct,stadium_dong_rank,n_dong
고척,구로구,11069.79682,1.3726437121724877,1.3458489401773792,1.3996680172639209,926.4173683333332,918.5487683333333,0.8566338850224842,-3.021436405072353,36.25696419963741,36.86048123871527,고척1동,7.8,4,16
광주,북구,6094.01152,0.817740987795179,0.8370147906917714,0.798491728480493,507.510745,508.1578416666666,-0.12734166701910965,4.690993317475578,29.83215036652901,40.39069177867258,임동,1.6,18,27
대구,수성구,7457.12589,5.532270959153674,4.984137577687384,6.082893928420508,622.8352016666666,620.0191133333334,0.4541937938321805,-17.690900414215115,38.300951628429594,24.721769850662934,고산2동,6.4,4,23
대전,중구,6287.79681,0.5792267323600109,0.5469346262941133,0.6125871471066936,532.5094066666667,515.4567283333333,3.308265737159166,-7.763543553085572,55.730982502915836,25.8421124139347,부사동,4.6,5,17
문학,미추홀구,9027.33651,0.59736523547409,0.6171976515655957,0.5783449891859765,736.5525433333332,768.0035416666667,-4.095163189622886,2.347631880514478,31.365914263453107,53.27708405100764,문학동,3.3,9,21
사직,동래구,5037.34113,3.464304590386159,3.0402794744140507,3.9060710388347246,428.3803,411.176555,4.184028683250185,-18.908652500609925,39.89384991284082,37.40706935208099,사직2동,6.9,4,13
수원,수원시 장안구,5769.09146,0.42463757369518285,0.42220664525656487,0.4270843970111974,482.32424166666664,479.19100166666664,0.6538603582083802,-0.49571229630352986,32.27225400929941,29.725463218778646,조원1동,4.7,8,10
잠실,송파구,32711.91471,2.0313060726979377,1.8834553346925105,2.175653125759884,2693.30606,2758.679725,-2.369744642974092,-15.481827915303137,27.10981163474671,56.020507611552155,잠실2동,1.5,12,27
창원,창원시 마산회원구,2805.0183,0.5980495742220291,0.5711206225677076,0.6253410165163954,235.31427166666668,232.18877833333332,1.346100081049717,-7.441146119701603,27.841464349804777,31.676700647550142,양덕2동,23.9,1,12
