var,coef,se,pval,pct,pct_lo,pct_hi,nobs,n_days,stadium,sido,sigungu,signguCode,secondary,n_game_days,n_canceled_days,n_ctrl_units
game,0.049117947887480196,0.003960781838965484,2.578449112754208e-35,5.034422931725135,4.222183639287125,5.85299228409033,1176,539,잠실,서울,송파구,11710,0,539,60,23
post_only,0.005607098345148777,0.004388642276709928,0.20137691826069215,0.5622847543082843,-0.29901610538655143,1.4310262544254382,1176,139,잠실,서울,송파구,11710,0,539,60,23
pre_only,0.0004618861275147248,0.00525313865346552,0.9299356946236893,0.046199281333714204,-0.9786067370575635,1.08161136514906,1176,140,잠실,서울,송파구,11710,0,539,60,23
game,0.04245772917508934,0.003663426412247598,4.651782060847687e-31,4.3371951248436735,3.590704344488338,5.08906523424868,1176,277,고척,서울,구로구,11530,0,277,0,23
post_only,-0.0002623123832635925,0.002993941381173728,0.9301831551850989,-0.026227798237832278,-0.6111684698959952,0.5621554693749475,1176,92,고척,서울,구로구,11530,0,277,0,23
pre_only,-0.0014771992191414745,0.0037152680319422595,0.6909233441150059,-0.14761086974136584,-0.8720875188680366,0.5821606191735329,1176,92,고척,서울,구로구,11530,0,277,0,23
game,0.06864534207865763,0.004055704209030878,2.9122257654904097e-64,7.105628318541712,6.257601398229307,7.960423222020618,1176,272,문학,인천,미추홀구,28177,0,272,33,4
post_only,-0.004624697618702278,0.003595906992227462,0.19840800537229863,-0.46140201710006545,-1.1604813946775927,0.24262186023880083,1176,106,문학,인천,미추홀구,28177,0,272,33,4
pre_only,-0.004961191685955852,0.003297934159574107,0.13249560732473242,-0.49489053012508055,-1.1360123549595036,0.15038889753389295,1176,107,문학,인천,미추홀구,28177,0,272,33,4
game,0.06774006892620146,0.004442328607901704,1.677511058125145e-52,7.008712343082024,6.081035813166302,7.944501385640179,1176,268,수원,경기,수원시 장안구,41111,0,268,34,38
post_only,-0.0024428705402753837,0.0033575434716066727,0.466872722171394,-0.24398891602397388,-0.8983064747941083,0.41464876536450035,1176,103,수원,경기,수원시 장안구,41111,0,268,34,38
pre_only,-0.0049909187508276305,0.0036633139401466694,0.17306997560481063,-0.49784848100354884,-1.2097246858954191,0.21915745684513155,1176,103,수원,경기,수원시 장안구,41111,0,268,34,38
game,0.07695181062656606,0.004920501580090913,3.94771527429555e-55,7.999003109568181,6.962447350236589,9.045603962938099,1176,266,대전(한밭·신구장),대전,중구,30140,0,266,33,4
post_only,0.013110660169802139,0.004417578603396437,0.002999017906134009,1.3196981706437017,0.4462131901849631,2.200779017455745,1176,100,대전(한밭·신구장),대전,중구,30140,0,266,33,4
pre_only,0.0045435550784087425,0.0035182805395539965,0.1965603227350473,0.455389267533457,-0.23495103487902735,1.1505064907020301,1176,101,대전(한밭·신구장),대전,중구,30140,0,266,33,4
game,0.07844771588644768,0.004143471021765245,6.116193431173085e-80,8.160680283099708,7.285842595541925,9.042651633040698,1176,255,대구,대구,수성구,27260,0,255,29,6
post_only,0.002163722886786946,0.003530682286095935,0.5399859686871445,0.21660654243818023,-0.474512056815124,0.9125243637611691,1176,101,대구,대구,수성구,27260,0,255,29,6
pre_only,-0.004282533135979809,0.003050204786726606,0.16031439634792377,-0.42733761672870685,-1.0208470725219243,0.16973070437804605,1176,102,대구,대구,수성구,27260,0,255,29,6
game,0.0642348612643423,0.003589859846314881,1.3271341073127224e-71,6.634281197521497,5.886622428789168,7.387219137707612,1176,268,광주,광주,북구,29170,0,268,49,4
post_only,0.002332866587888522,0.0032652594247211185,0.47494858642813564,0.23355898383952134,-0.4058782670369965,0.8771016978768698,1176,99,광주,광주,북구,29170,0,268,49,4
pre_only,0.002340615257971272,0.002592747321017053,0.366656010573144,0.23433566362842662,-0.27374159166436707,0.745001429725356,1176,102,광주,광주,북구,29170,0,268,49,4
game,0.10941999756522147,0.00522803594519521,2.887159501079953e-97,11.563081418336797,10.425737157593606,12.712139904411357,1176,259,사직,부산,동래구,26260,0,259,30,14
post_only,0.0009343899672087427,0.004106357183424956,0.8199982925739041,0.09348266455129206,-0.70888250161244,0.9023316922737612,1176,93,사직,부산,동래구,26260,0,259,30,14
pre_only,0.002571284937438998,0.0036788404200504047,0.48459017144912575,0.25745935257204255,-0.46284976234853836,0.9829810461107424,1176,94,사직,부산,동래구,26260,0,259,30,14
game,0.07670960074380567,0.007724007930648125,3.041990074704575e-23,7.972847851345666,6.35055190917917,9.619890671424148,1176,262,창원,경남,창원시 마산회원구,48127,0,262,40,11
post_only,-0.004395569676117952,0.00632231851465261,0.48690084997675775,-0.4385923298679484,-1.6647192194809257,0.8028229398411524,1176,91,창원,경남,창원시 마산회원구,48127,0,262,40,11
pre_only,0.0018510534633241534,0.00786505820252467,0.8139359047450693,0.18527677203501458,-1.3472877875554734,1.7416496393409142,1176,93,창원,경남,창원시 마산회원구,48127,0,262,40,11
