stadium,n_game_days,mean_crowd,pct,pct_lo,pct_hi,extra_outsiders_per_game_point,extra_outsiders_per_game_lo,extra_outsiders_per_game_hi
잠실,133,20745.413533834588,4.518916785261351,3.7164847454565386,5.3275570684335305,16730.11521838617,13865.771971871016,19572.467796946665
고척,68,12298.088235294117,4.575707300877485,3.349051380510537,5.81692247192811,8840.785051689,6547.548472888729,11107.12234098131
문학,66,17715.5,8.097472114034442,6.649359202193428,9.565247881996907,10617.86821595772,8837.408937474309,12374.475816693686
수원,65,13662.6,7.332432272812017,6.077236831107702,8.602480246915745,9488.440749390635,7957.226560733177,11001.748206325194
대전(한밭·신구장),69,17113.623188405796,9.449147197966434,7.742946800827677,11.182366716835524,12898.425092899884,10736.775673050286,15026.376606525051
대구,62,24054.370967741936,9.661161365467263,8.501887040599954,10.83282180634557,14310.40357398484,12727.80244325607,15876.27436158652
광주,62,15503.58064516129,7.730473550276962,6.709306506372603,8.761412770251976,10907.869139315279,9557.575215296692,12245.36375400802
사직,70,21009.385714285716,12.897942351941305,11.093587772856806,14.73160281188115,14842.849003591436,12973.761080174967,16682.064838260594
창원,59,10588.525423728814,8.661442780966212,5.632935292370966,11.776777901332647,5393.2205574977115,3608.0190518437635,7128.6666394230915
