var,coef,se,pval,pct,pct_lo,pct_hi,nobs,k,stadium,sido,sigungu,signguCode,secondary,n_game_days,n_canceled_days,n_ctrl_units
lead3,0.0014055884130190887,0.0030750931102540525,0.6476077359047373,0.1406576715407004,-0.4610930950359471,0.7460462516752253,1176,-3,잠실,서울,송파구,11710,0,539,60,23
lead2,-0.003381881232393266,0.0029298038590526232,0.2483759882044113,-0.33761691131088956,-0.9082796715721764,0.23633225860066887,1176,-2,잠실,서울,송파구,11710,0,539,60,23
lead1,0.004179428629073525,0.003165213535938902,0.18669299832861075,0.41881746210779003,-0.2022342206141281,1.043734012841524,1176,-1,잠실,서울,송파구,11710,0,539,60,23
game,0.04431091276285955,0.0034338542651581603,4.265887008738982e-38,4.530730375229841,3.829563715135076,5.236632051707613,1176,0,잠실,서울,송파구,11710,0,539,60,23
lag1,0.003384568588638894,0.0029140895678524516,0.24545904870280377,0.33903027082531345,-0.23243414895606218,0.9137680147605964,1176,1,잠실,서울,송파구,11710,0,539,60,23
lag2,0.00473607396765739,0.003194920074527138,0.13824018243566147,0.4747306892290526,-0.15248056791422604,1.1058818936371617,1176,2,잠실,서울,송파구,11710,0,539,60,23
lag3,-0.0020236447598088983,0.004105876473276209,0.6221076431910091,-0.2021598571237626,-1.0020618311282092,0.6042053137901515,1176,3,잠실,서울,송파구,11710,0,539,60,23
lead3,-0.001885165772948557,0.0030850122667350423,0.5411516672656053,-0.18833899640261498,-0.7900416175414926,0.417012916099635,1176,-3,고척,서울,구로구,11530,0,277,0,23
lead2,0.00610656102870148,0.0032736278689106087,0.06212811274280944,0.6125244082876513,-0.030970162691046355,1.2601611147212255,1176,-2,고척,서울,구로구,11530,0,277,0,23
lead1,-0.004727322740147799,0.003496319188940016,0.176347941403594,-0.4716166536584465,-1.1513316961543119,0.21277232675607216,1176,-1,고척,서울,구로구,11530,0,277,0,23
game,0.039976586209390416,0.003963352357731791,6.335162192423138e-24,4.0786405152144045,3.2732720474669685,4.8902895854447515,1176,0,고척,서울,구로구,11530,0,277,0,23
lag1,0.005467377011815414,0.0023824846078823315,0.02174335333221851,0.5482350393446689,0.07980254333574965,1.0188600756838362,1176,1,고척,서울,구로구,11530,0,277,0,23
lag2,-0.008061815894871673,0.0029943352527555074,0.007094920872894113,-0.8029406608156764,-1.383412961996766,-0.2190516109662477,1176,2,고척,서울,구로구,11530,0,277,0,23
lag3,-0.005732328545084998,0.0035419251691449255,0.10557174910071868,-0.5715930098533883,-1.2594518650157926,0.12105769438786051,1176,3,고척,서울,구로구,11530,0,277,0,23
lead3,0.003490695659118154,0.004244140066609703,0.4108070708215269,0.34967952323967655,-0.4816183685629638,1.1879214204972621,1176,-3,문학,인천,미추홀구,28177,0,272,33,4
lead2,-0.004860374755022973,0.003541491377272579,0.1699361398020861,-0.48485822467156936,-1.1732330968856286,0.2083115020090176,1176,-2,문학,인천,미추홀구,28177,0,272,33,4
lead1,-0.005606782065350728,0.00300292395291054,0.061886566543711684,-0.5591093397461666,-1.1426726344600513,0.02789877922113604,1176,-1,문학,인천,미추홀구,28177,0,272,33,4
game,0.07263791717613245,0.0037941419329078113,1.0704116092010358e-81,7.534110387193937,6.737397077561336,8.336770554395923,1176,0,문학,인천,미추홀구,28177,0,272,33,4
lag1,0.0010514126565467092,0.002802981324734593,0.7075822866281374,0.1051965584602188,-0.4432577740316135,0.6566723051536494,1176,1,문학,인천,미추홀구,28177,0,272,33,4
lag2,-0.007225778207852031,0.0035055783002135112,0.039281781474503806,-0.7199735037641042,-1.3997818272200369,-0.03547817894850036,1176,2,문학,인천,미추홀구,28177,0,272,33,4
lag3,-0.006607800562984921,0.004534354426919217,0.1450405326474725,-0.6586017055611015,-1.5375703298774912,0.2282134226971655,1176,3,문학,인천,미추홀구,28177,0,272,33,4
lead3,-0.0009247540793668792,0.0037987035774561277,0.8076650330741204,-0.09243266260864358,-0.8335280390247335,0.6542011013903171,1176,-3,수원,경기,수원시 장안구,41111,0,268,34,38
lead2,-0.004286923398606104,0.0028448782178932585,0.1318384170656681,-0.42777476590736274,-0.9814405969290063,0.128986907492612,1176,-2,수원,경기,수원시 장안구,41111,0,268,34,38
lead1,-0.0044314942257588485,0.0029049526068392765,0.1271353752476271,-0.44216896435523845,-1.0074114052519012,0.12630098095893771,1176,-1,수원,경기,수원시 장안구,41111,0,268,34,38
game,0.07297906789100722,0.004109833441739752,1.516552643527614e-70,7.570801984152364,6.707770393053947,8.440813606081644,1176,0,수원,경기,수원시 장안구,41111,0,268,34,38
lag1,-0.0035248901154495958,0.0029032877013948724,0.2247084199068935,-0.3518684983230824,-0.9173002951135656,0.21679002843917328,1176,1,수원,경기,수원시 장안구,41111,0,268,34,38
lag2,-0.0008045437685170649,0.002996085950459552,0.7882901507461689,-0.0804220209957518,-0.665463144717493,0.5080647634929436,1176,2,수원,경기,수원시 장안구,41111,0,268,34,38
lag3,-4.058301582177083e-05,0.003915639852793221,0.9917306025925948,-0.004058219234237548,-0.7685551079357422,0.7663284909192436,1176,3,수원,경기,수원시 장안구,41111,0,268,34,38
lead3,-0.0047783595737394685,0.003693193319300707,0.1957245910617369,-0.4766961375754608,-1.194510247324121,0.24633283520809623,1176,-3,대전(한밭·신구장),대전,중구,30140,0,266,33,4
lead2,0.0012367028240045427,0.0029880264913818046,0.6789574768262634,0.12374678562820929,-0.4609174103053171,0.7118451323808062,1176,-2,대전(한밭·신구장),대전,중구,30140,0,266,33,4
lead1,0.00959052091350285,0.0027282974135597804,0.00043941695111888405,0.963665733200969,0.42520724986438996,1.5050113157651257,1176,-1,대전(한밭·신구장),대전,중구,30140,0,266,33,4
game,0.06785169548902373,0.004719976583747103,7.38096332133929e-47,7.0206580245481875,6.035158955273046,8.015316399332107,1176,0,대전(한밭·신구장),대전,중구,30140,0,266,33,4
lag1,0.002568999234937318,0.0037778818059942955,0.4964978226864136,0.2572301941082822,-0.4823976176653533,1.0023550163288375,1176,1,대전(한밭·신구장),대전,중구,30140,0,266,33,4
lag2,0.0055644843213861405,0.0035180242766958557,0.11371642873527146,0.5579994820231304,-0.13299580817669465,1.2537758758010886,1176,2,대전(한밭·신구장),대전,중구,30140,0,266,33,4
lag3,0.0038531341788017866,0.004073318517730075,0.34417677818124803,0.38605670438442985,-0.41220510447843584,1.190717107735284,1176,3,대전(한밭·신구장),대전,중구,30140,0,266,33,4
lead3,0.0030750009836576567,0.00311591403635663,0.3237065461976195,0.3079733648922556,-0.3027598080800664,0.9224478150338333,1176,-3,대구,대구,수성구,27260,0,255,29,6
lead2,-0.005505379346428908,0.0021784783188852058,0.011498668647263725,-0.5490252517928895,-0.9727574912298254,-0.12347988491556716,1176,-2,대구,대구,수성구,27260,0,255,29,6
lead1,-0.004270546335026515,0.002585712504776061,0.09861741684704843,-0.42614405189083104,-0.9295074070065357,0.0797768222261741,1176,-1,대구,대구,수성구,27260,0,255,29,6
game,0.08391317128920639,0.004412420291354973,1.2218838427339985e-80,8.753446049397562,7.8169642070456735,9.698062031376796,1176,0,대구,대구,수성구,27260,0,255,29,6
lag1,0.0005432211221278217,0.0027924551297362397,0.845759554757993,0.0543368693441737,-0.49178584726863317,0.6034568261761741,1176,1,대구,대구,수성구,27260,0,255,29,6
lag2,-0.002636762580346657,0.0024446144478610485,0.28076581918459853,-0.26332893752372133,-0.7400685955207376,0.21570047322945207,1176,2,대구,대구,수성구,27260,0,255,29,6
lag3,0.010135005861203783,0.0033172953345140845,0.0022490932023623454,1.0186538982129845,0.36397147385902606,1.6776068697609725,1176,3,대구,대구,수성구,27260,0,255,29,6
lead3,0.0011876356687369931,0.0025792794144498333,0.6451914546608164,0.11883411872497529,-0.38602818648403314,0.6262551608519296,1176,-3,광주,광주,북구,29170,0,268,49,4
lead2,0.003830633912991035,0.002422422722929779,0.11380409524072542,0.3837980168355237,-0.09168940195103392,0.8615483933687607,1176,-2,광주,광주,북구,29170,0,268,49,4
lead1,-0.003824755232236401,0.0021476219214452055,0.07492457746446543,-0.38174501722663123,-0.8001907119163487,0.03846576956014758,1176,-1,광주,광주,북구,29170,0,268,49,4
game,0.0632918748499981,0.003865978019325739,3.05568111618622e-60,6.533773914997654,5.729584394771625,7.344080179067358,1176,0,광주,광주,북구,29170,0,268,49,4
lag1,0.0026134930254184917,0.002390882928575764,0.27434642630029016,0.26169111754372754,-0.20704910846364166,0.7326330762136957,1176,1,광주,광주,북구,29170,0,268,49,4
lag2,0.0012292841576846954,0.0024287613225770295,0.6127610014531606,0.12300400371534348,-0.35248610746830833,0.6007630209358794,1176,2,광주,광주,북구,29170,0,268,49,4
lag3,-0.001335058350005358,0.0025483762497654446,0.600357911941702,-0.13341675560710753,-0.6309884339121385,0.36664641950510113,1176,3,광주,광주,북구,29170,0,268,49,4
lead3,-0.0008397860545699687,0.0036477519831966945,0.8179206951486077,-0.08394335329490188,-0.7957549670160713,0.6329756605507164,1176,-3,사직,부산,동래구,26260,0,259,30,14
lead2,-0.0018458872689753672,0.002618979685769639,0.48092748719238987,-0.18441846668354467,-0.695479017936973,0.3292722053787278,1176,-2,사직,부산,동래구,26260,0,259,30,14
lead1,0.0011242473429528242,0.003046384881266535,0.7120955939714699,0.11248795458922434,-0.4834940885586114,0.7120392005793397,1176,-1,사직,부산,동래구,26260,0,259,30,14
game,0.10742997578951294,0.005286166134623272,8.074518292739009e-92,11.341289215800398,10.193650396664754,12.500880401106397,1176,0,사직,부산,동래구,26260,0,259,30,14
lag1,-0.001303460896689538,0.0030540710818408286,0.6695289755465246,-0.13026117605136056,-0.7262936685494825,0.4693498544629193,1176,1,사직,부산,동래구,26260,0,259,30,14
lag2,0.0035455651989863574,0.0032374158863046204,0.27343615306370106,0.35518581504350166,-0.27958542375234874,0.9939976961422792,1176,2,사직,부산,동래구,26260,0,259,30,14
lag3,-0.007784980755352172,0.003574179664336797,0.029397342519106587,-0.7754756275858421,-1.4681532589196578,-0.07792848130006025,1176,3,사직,부산,동래구,26260,0,259,30,14
lead3,-0.005766535525135399,0.00595291568104933,0.3326994110782231,-0.574994097216952,-1.7283153081850355,0.5918625468704475,1176,-3,창원,경남,창원시 마산회원구,48127,0,262,40,11
lead2,-0.006927493795556353,0.004531372614014389,0.12631778969041701,-0.6903554023185876,-1.568467804257967,0.19559068231616017,1176,-2,창원,경남,창원시 마산회원구,48127,0,262,40,11
lead1,0.0020238743492204826,0.004746208388129539,0.6698024186318481,0.2025923765264892,-0.7252268551019903,1.1390829805420166,1176,-1,창원,경남,창원시 마산회원구,48127,0,262,40,11
game,0.07614905183380494,0.00585962534161067,1.2967282273072387e-38,7.912340749352298,6.680071778438079,9.158843745341327,1176,0,창원,경남,창원시 마산회원구,48127,0,262,40,11
lag1,-0.0026984645359706978,0.005026994041819497,0.591409326220742,-0.2694826953243079,-1.2472932896994249,0.7180097962901089,1176,1,창원,경남,창원시 마산회원구,48127,0,262,40,11
lag2,0.005287352697548858,0.004505659477348582,0.2405987991885824,0.5301355415047393,-0.3537468242428399,1.4218581221282278,1176,2,창원,경남,창원시 마산회원구,48127,0,262,40,11
lag3,-0.007490511412563549,0.006697558721463291,0.2633986331360848,-0.7462527446949863,-2.0406634418949854,0.5652619786437718,1176,3,창원,경남,창원시 마산회원구,48127,0,262,40,11
