stadium,extra_outsiders_per_game_hi,extra_outsiders_per_game_lo,extra_outsiders_per_game_point,mean_crowd_hi,mean_crowd_lo,mean_crowd_point,share_of_crowd_hi,share_of_crowd_lo,share_of_crowd_point,mean_outsider_gameday_hi,mean_outsider_gameday_lo,mean_outsider_gameday_point
고척,9080.759047272777,6747.627173684866,7917.946086164954,11223.097472924188,11223.097472924188,11223.097472924188,0.8091134438759158,0.6012268172813763,0.7055045280740956,189222.34476534295,189222.34476534295,189222.34476534295
광주,9785.435388123939,8014.331374360659,8902.773920009358,15186.320895522387,15186.320895522387,15186.320895522387,0.6443585286683311,0.5277335721730761,0.5862363887381241,144551.18843283583,144551.18843283583,144551.18843283583
대구,12596.700382263965,10388.487286033635,11496.938031365566,19616.176470588234,19616.176470588234,19616.176470588234,0.6421588020046103,0.5295877767825827,0.5860947493311781,151802.76862745098,151802.76862745098,151802.76862745098
대전(한밭·신구장),11136.38333262198,8789.631757013996,9968.329719956575,13203.075187969926,13203.075187969926,13203.075187969926,0.8434689020607088,0.6657261003120494,0.7550006023626442,139312.2894736842,139312.2894736842,139312.2894736842
문학,10157.723958126147,8275.465716043802,9220.078298111452,16582.595588235294,16582.595588235294,16582.595588235294,0.6125533185729174,0.49904525935101035,0.5560093562586027,136351.0955882353,136351.0955882353,136351.0955882353
사직,13699.168627881338,11584.444330188844,12646.892292079048,18014.108108108107,18014.108108108107,18014.108108108107,0.7604688805945032,0.6430762078625871,0.7020548681167685,122559.3918918919,122559.3918918919,122559.3918918919
수원,9754.353119743182,7772.6183041585155,8767.475167673592,12251.84328358209,12251.84328358209,12251.84328358209,0.7961539250844292,0.6344039932810848,0.715604580040811,131817.1305970149,131817.1305970149,131817.1305970149
잠실,19176.451176967654,14359.01122845035,16775.883400458246,19241.742115027828,19241.742115027828,19241.742115027828,0.9966068073426063,0.746242785222443,0.8718484688221788,372622.5909090909,372622.5909090909,372622.5909090909
창원,5637.277178097975,4025.1453491397715,4836.589855004723,10229.954198473282,10229.954198473282,10229.954198473282,0.55105595477048,0.39346660513304,0.47278704881460126,65234.68320610687,65234.68320610687,65234.68320610687
