var,coef,se,pval,pct,pct_lo,pct_hi,nobs,spec
game,0.0707890183921938,0.0024115685680234614,2.1288080715156568e-189,7.335474386782148,6.829331676726014,7.844015131525239,10584,pooled
canceled_only,0.02976810010732913,0.0038388815720279868,8.878457654480658e-15,3.0215599363214496,2.2493132188454057,3.7996391134383245,10584,pooled
game_wkday,0.06808525613356435,0.0027622932668178862,3.857712879607866e-134,7.045656757662022,6.467667479957706,7.626783810552462,10584,pooled_wk
game_wkend,0.07535427621766333,0.0027966546280871565,6.628712899857707e-160,7.826608725617801,7.237180243519048,8.419276997635672,10584,pooled_wk
lead3,-5.935715780023892e-05,0.0013408906693573631,0.9646916054641363,-0.005935539619905672,-0.2683894766889239,0.25720907183732766,10584,event_study
lead2,-0.0021208059778555985,0.0010065996571193942,0.0351261486905209,-0.21185586578483795,-0.4085373369486778,-0.014785971757591554,10584,event_study
lead1,8.888761191213311e-05,0.0010889854567894203,0.9349455236863012,0.008889156253300001,-0.20434332251564324,0.2225772469347742,10584,event_study
game,0.0703489436076396,0.0025214705265897224,2.670548472128272e-171,7.288249143098002,6.7593298511449795,7.819788867548949,10584,event_study
lag1,0.0006740659073741231,0.0011708285821496025,0.5648064893857989,0.06742931408518782,-0.1619445394503427,0.2973301446781207,10584,event_study
lag2,0.0002880575562677417,0.0011254461050209839,0.7979897025391678,0.028809904882964865,-0.19159789739808808,0.249704435718745,10584,event_study
lag3,-0.001642329071952775,0.0014522327234262082,0.25809744852549077,-0.1640981187553403,-0.4478646029164812,0.12047722216423917,10584,event_study
game,0.07140772033432408,0.002543310477122339,1.8873626134563307e-173,7.401903601067628,6.867849289656958,7.938626760119871,10584,stay
post_only,0.00263851945202732,0.001391311355461335,0.057903696341781004,0.26420034079646104,-0.008844689301978903,0.5379909727256882,10584,stay
pre_only,0.0010283622595549438,0.0015024763850562848,0.4936942882439289,0.10288912053237897,-0.1914656158037542,0.39811196610723965,10584,stay
