var,coef,se,pval,pct,pct_lo,pct_hi,nobs,stadium,sido,sigungu,signguCode,secondary,n_game_days,n_canceled_days,n_ctrl_units
game,0.04606604555601061,0.003453535895721424,1.3764637006668473e-40,4.714356785232088,4.007946116445904,5.425565318523917,1176,잠실,서울,송파구,11710,0,539,60,23
canceled_only,0.03726779797207446,0.005429597911708707,6.704178204864796e-12,3.7970950137563797,2.6983419340755876,4.907603476312583,1176,잠실,서울,송파구,11710,0,539,60,23
game,0.042745371592774535,0.003282780782239032,9.28407551337813e-39,4.367211244651559,3.697842234114157,5.040901028530187,1176,고척,서울,구로구,11530,0,277,0,23
game,0.06076521848978821,0.005963375535939355,2.203632836850175e-24,6.26493944673745,5.030122338254239,7.514274040847213,1176,문학,인천,미추홀구,28177,0,272,33,4
canceled_only,0.10279998505639515,0.013995940987449116,2.0578124763757762e-13,10.826971640099735,7.828082132738623,13.909265564005068,1176,문학,인천,미추홀구,28177,0,272,33,4
game,0.06785418069459123,0.004266181910042397,5.838137956129759e-57,7.0209239932138345,6.129776316961655,7.919554434515086,1176,수원,경기,수원시 장안구,41111,0,268,34,38
canceled_only,0.056236235657707856,0.008236692558793599,8.639125027353116e-12,5.784755553417131,4.090686444918168,7.506395525769394,1176,수원,경기,수원시 장안구,41111,0,268,34,38
game,0.07424288934032072,0.004628379294818405,6.629881415172448e-58,7.706838215666489,6.734180801078948,8.688359355436104,1176,대전(한밭·신구장),대전,중구,30140,0,266,33,4
canceled_only,0.006353538205496485,0.007603922627353657,0.4034021379061796,0.6373764743364596,-0.8513701564622722,2.148477085560452,1176,대전(한밭·신구장),대전,중구,30140,0,266,33,4
game,0.07563463589290853,0.0038958546082304753,5.861803832773153e-84,7.8568431966881125,7.036398214795914,8.683576973602714,1176,대구,대구,수성구,27260,0,255,29,6
canceled_only,0.028786027368691847,0.009132717453198233,0.0016217439765790341,2.9204349349972514,1.0945368170566683,4.7793111350584505,1176,대구,대구,수성구,27260,0,255,29,6
game,0.0635673390692924,0.0033307358646922467,3.360033418140609e-81,6.563124200148707,5.869720123210631,7.2610697948442215,1176,광주,광주,북구,29170,0,268,49,4
canceled_only,0.014638032525127641,0.004839935529114282,0.0024910443836498935,1.4745693195273857,0.5165052015743354,2.4417651403014773,1176,광주,광주,북구,29170,0,268,49,4
game,0.10825809888860086,0.00506947284047531,3.5110235776169366e-101,11.433531698075816,10.331792141942442,12.546272888697164,1176,사직,부산,동래구,26260,0,259,30,14
canceled_only,0.04660802874425231,0.008804510893978728,1.1989659893804177e-07,4.771125588656133,2.9786178902010407,6.594834753151946,1176,사직,부산,동래구,26260,0,259,30,14
game,0.07249307111220966,0.009204290971912865,3.380060826090972e-15,7.518535622565836,5.596248681881133,9.475816108271795,1176,창원,경남,창원시 마산회원구,48127,0,262,40,11
canceled_only,0.03063573244381699,0.01722155110650257,0.07525315715964986,3.1109835608820413,-0.3113650230402887,6.65082266749617,1176,창원,경남,창원시 마산회원구,48127,0,262,40,11
game,0.031739457386007225,0.011794741431776636,0.007124166747787746,3.224852553716051,0.8659038635355332,5.6389699253811765,1176,울산,울산,남구,31140,1,17,3,3
game,0.061928861423829806,0.029896455243119107,0.03831723334428376,6.388665865386267,0.3337365792927205,12.80899735725356,1176,포항,경북,포항시 남구,47111,1,13,2,10
game,0.11754709481602593,0.035209555843993996,0.0008423209377985334,12.473459786543039,4.97335450663865,20.50943037697335,1176,청주,충북,청주시 서원구,43112,1,5,1,5
