var,coef,se,pval,pct,pct_lo,pct_hi,nobs,spec,extra_outsiders_per_game_point,extra_outsiders_per_game_lo,extra_outsiders_per_game_hi,n_game_days,n_units,mean_crowd
kl_game,0.03502873811778164,0.0028024787991781526,7.540794049094647e-36,3.5649470988444287,2.997639002334518,4.135379912381687,9386,pooled,5719.013759398116,4835.405505529439,6597.781783723834,452.0,14.0,10631.862831858407
kl_wkday,0.03428781405395946,0.007241182195765455,2.18933367027716e-06,3.4882417572961844,2.0298362676048676,4.967493566556058,9386,pooled_wk,,,,,,
kl_wkend,0.03520713266225558,0.0030389671342185448,4.896515829382312e-31,3.5834241684608026,2.9682762347042813,4.20224708828334,9386,pooled_wk,,,,,,
kl_small,0.016716467502698673,0.006615882177841426,0.011513396240811356,1.6856969452520243,0.3756375996128103,3.0128546180365534,9386,pooled_city,,,,,,
kl_metro,0.04131408349059166,0.0035525310581903946,2.9187530511481985e-31,4.217938548539202,3.494793656519146,4.946136240959942,9386,pooled_city,,,,,,
lead3,-0.000464468561806492,0.002097114060130149,0.824718804237494,-0.04643607129821703,-0.4564363606097799,0.365252928273363,9386,event_study,,,,,,
lead2,-0.0004318116650744,0.0025813326249057387,0.8671478065455978,-0.04317184478352942,-0.5476174400315004,0.46383241574741163,9386,event_study,,,,,,
lead1,-0.0023003706301101927,0.0027478695328098167,0.40250996606409084,-0.22977268052398747,-0.7656731653400972,0.30902185657006864,9386,event_study,,,,,,
kl_game,0.03479732235887606,0.003177629891267838,6.592446277310602e-28,3.540983310921564,2.8981180708855137,4.187864909318639,9386,event_study,,,,,,
lag1,-0.000857836401493426,0.0025236702485909794,0.7339196362942915,-0.08574685650362124,-0.5787418087904062,0.40969268386623625,9386,event_study,,,,,,
lag2,0.0001897040813930611,0.002367780887818276,0.9361426637601532,0.018972207635026272,-0.44412547881992337,0.48422405594361617,9386,event_study,,,,,,
lag3,0.0047110384461243075,0.0025098751086377385,0.06051793729261275,0.4722152834327309,-0.02082950703745645,0.9676915120135909,9386,event_study,,,,,,
kl_game,0.03469841885220865,0.0030535327946567014,6.364228747107516e-30,3.5307432509855907,2.912970099016632,4.152224814702143,9386,stay,,,,,,
post_only,-0.0009412865766709668,0.002401692358386649,0.6951126154209986,-0.09408437054284624,-0.5632680233499832,0.37731308490729365,9386,stay,,,,,,
pre_only,-0.002154167828853029,0.0024309306073802433,0.37553699729102896,-0.2151849274486195,-0.6894912083910021,0.2613866369051365,9386,stay,,,,,,
kl_game_nokbo,0.0320506836501895,0.0028711887966524773,6.196424612857266e-29,3.256983838737648,2.677534025033945,3.8397037162366088,9386,pooled_kbo_overlap,,,,,,
kl_game_kbo,0.044590059256240565,0.006302921614764477,1.499816529492611e-12,4.559913835105389,3.2761551989460624,5.859630038940811,9386,pooled_kbo_overlap,,,,,,
