sigungu,signguCode,venues,years,n_game_days,mean_crowd,n_ctrl_units,ctrl_units,kbo_control
서울 마포구,11440,서울월드컵경기장,2024·2025,37,25448.837837837837,22,강남구·강동구·강북구·강서구·관악구·광진구·금천구·노원구·도봉구·동대문구·동작구·서대문구·서초구·성동구·성북구·양천구·영등포구·용산구·은평구·종로구·중구·중랑구,0
대구 북구,27230,대구iM뱅크파크,2024·2025,37,10888.837837837838,5,남구·달서구·동구·서구·중구,0
인천 중구,28110,인천축구전용경기장,2024,19,10949.736842105263,6,계양구·남동구·동구·부평구·서구·연수구,0
광주 서구,29140,광주축구전용구장/광주월드컵경기장,2024·2025,39,4555.153846153846,3,광산구·남구·동구,0
대전 유성구,30200,대전월드컵경기장,2024·2025,38,10236.157894736842,3,대덕구·동구·서구,0
울산 중구,31110,울산종합운동장,2024·2025,1,13438.0,2,동구·북구,0
울산 남구,31140,울산문수축구경기장,2024·2025,37,16618.27027027027,2,동구·북구,1
경기 수원시 장안구,41111,수원종합운동장,2024·2025,32,4972.9375,39,고양시 덕양구·고양시 일산동구·고양시 일산서구·과천시·광명시·광주시·구리시·군포시·김포시·남양주시·동두천시·부천시 소사구·부천시 오정구·부천시 원미구·성남시 분당구·성남시 수정구·성남시 중원구·수원시 권선구·수원시 영통구·수원시 팔달구·시흥시·안산시 단원구·안산시 상록구·안성시·안양시 만안구·양주시·여주시·오산시·용인시 기흥구·용인시 수지구·용인시 처인구·의왕시·의정부시·이천시·파주시·평택시·포천시·하남시·화성시,1
경기 안양시 동안구,41173,안양종합운동장,2025,19,7592.421052631579,39,고양시 덕양구·고양시 일산동구·고양시 일산서구·과천시·광명시·광주시·구리시·군포시·김포시·남양주시·동두천시·부천시 소사구·부천시 오정구·부천시 원미구·성남시 분당구·성남시 수정구·성남시 중원구·수원시 권선구·수원시 영통구·수원시 팔달구·시흥시·안산시 단원구·안산시 상록구·안성시·안양시 만안구·양주시·여주시·오산시·용인시 기흥구·용인시 수지구·용인시 처인구·의왕시·의정부시·이천시·파주시·평택시·포천시·하남시·화성시,0
경북 포항시 남구,47111,포항스틸야드,2024·2025,39,9857.564102564103,9,경산시·경주시·구미시·문경시·상주시·안동시·영주시·영천시·포항시 북구,1
경북 김천시,47150,김천종합운동장,2024·2025,39,3044.25641025641,9,경산시·경주시·구미시·문경시·상주시·안동시·영주시·영천시·포항시 북구,0
제주 서귀포시,50130,제주월드컵경기장,2024·2025,38,7066.078947368421,1,제주시,0
강원 춘천시,51110,춘천송암스포츠타운,2024·2025,18,6065.777777777777,5,동해시·삼척시·속초시·원주시·태백시,0
강원 강릉시,51150,강릉종합운동장,2024·2025,20,9960.35,5,동해시·삼척시·속초시·원주시·태백시,0
전북 전주시 덕진구,52113,전주월드컵경기장,2024·2025,40,17202.475,6,군산시·김제시·남원시·익산시·전주시 완산구·정읍시,0
