var,coef,se,pval,pct,pct_lo,pct_hi,nobs,sigungu,signguCode,venues,years,n_game_days,mean_crowd,n_ctrl_units,ctrl_units,kbo_control,extra_outsiders_per_game_point,extra_outsiders_per_game_lo,extra_outsiders_per_game_hi,share_of_crowd_point
kl_game,0.07838236282865761,0.010796395279034136,3.8694904234611055e-13,8.15361188288386,5.889025247590229,10.466629907707791,731,전북 전주시 덕진구,52113,전주월드컵경기장,2024·2025,40,17202.475,6,군산시·김제시·남원시·익산시·전주시 완산구·정읍시,0,10080.48298407162,7436.43522527236,12669.168049814081,0.585990270822752
kl_game,0.06598427197532204,0.009721132526112463,1.1392382695299975e-11,6.8209916201947385,4.804953627959496,8.875810309767672,731,울산 남구,31140,울산문수축구경기장,2024·2025,37,16618.27027027027,2,동구·북구,1,9292.835278185195,6672.1333692311555,11864.076547103597,0.5591938948549825
kl_game,0.04247485778745357,0.010953308014545995,0.00010540056714640619,4.338982291519944,2.12285610082501,6.603199727217213,731,경북 포항시 남구,47111,포항스틸야드,2024·2025,39,9857.564102564103,9,경산시·경주시·구미시·문경시·상주시·안동시·영주시·영천시·포항시 북구,1,4098.974271268949,2048.9507281288315,6105.455978311776,0.41582019945503
kl_game,0.04044476070288274,0.01454347523356071,0.005419912850334542,4.127378888162281,1.2011110181373796,7.1382608850578455,365,경기 안양시 동안구,41173,안양종합운동장,2025,19,7592.421052631579,39,고양시 덕양구·고양시 일산동구·고양시 일산서구·과천시·광명시·광주시·구리시·군포시·김포시·남양주시·동두천시·부천시 소사구·부천시 오정구·부천시 원미구·성남시 분당구·성남시 수정구·성남시 중원구·수원시 권선구·수원시 영통구·수원시 팔달구·시흥시·안산시 단원구·안산시 상록구·안성시·안양시 만안구·양주시·여주시·오산시·용인시 기흥구·용인시 수지구·용인시 처인구·의왕시·의정부시·이천시·파주시·평택시·포천시·하남시·화성시,0,5225.686272857758,1564.7025905732828,8783.786169565914,0.6882766691458061
kl_game,0.0402880438244773,0.006739135709605272,2.255873146673535e-09,4.111061649013181,2.7449315132788144,5.495356296809351,731,대구 북구,27230,대구iM뱅크파크,2024·2025,37,10888.837837837838,5,남구·달서구·동구·서구·중구,0,6615.338171831467,4475.752282106443,8726.848728199502,0.6075339049355384
kl_game,0.0353644342904937,0.006966074732509654,3.8411535142721276e-07,3.599719291332071,2.1948324932453023,5.02391926668313,731,서울 마포구,11440,서울월드컵경기장,2024·2025,37,25448.837837837837,22,강남구·강동구·강북구·강서구·관악구·광진구·금천구·노원구·도봉구·동대문구·동작구·서대문구·서초구·성동구·성북구·양천구·영등포구·용산구·은평구·종로구·중구·중랑구,0,13897.61644051556,8590.188808242016,19133.071532096983,0.5461002395894208
kl_game,0.034486502055358394,0.006275866594412081,3.90493473278536e-08,3.508805672053139,2.243373862096032,4.78989930541418,731,대전 유성구,30200,대전월드컵경기장,2024·2025,38,10236.157894736842,3,대덕구·동구·서구,0,6921.52193125209,4480.083040903728,9333.113366460248,0.6761835839608289
kl_game,0.02805869225249831,0.010040497255466713,0.005197167262224583,2.8456045051936663,0.8414522375647548,4.889587876230128,731,경북 김천시,47150,김천종합운동장,2024·2025,39,3044.25641025641,9,경산시·경주시·구미시·문경시·상주시·안동시·영주시·영천시·포항시 북구,0,1512.9112106681087,456.2627509903244,2548.968762093289,0.496972333069894
kl_game,0.026267770379107686,0.00894521170804701,0.0033192013295478607,2.66158089764168,0.8773418230894503,4.477378189506398,731,강원 강릉시,51150,강릉종합운동장,2024·2025,20,9960.35,5,동해시·삼척시·속초시·원주시·태백시,0,3423.0835836202796,1148.3148562037127,5658.3172560187995,0.3436710139322694
kl_game,0.02166544989538057,0.006955011001130954,0.0018389195944118696,2.1901849905708426,0.8065984513065061,3.5927614743531455,731,광주 서구,29140,광주축구전용구장/광주월드컵경기장,2024·2025,39,4555.153846153846,3,광산구·남구·동구,0,3663.6439529604163,1367.7605424764977,5928.442642511907,0.8042854482409683
kl_game,0.020901644234720334,0.00661405053508611,0.0015766727782421683,2.112161350053521,0.7969695476615746,3.444513683013417,614,경기 수원시 장안구,41111,수원종합운동장,2024·2025,32,4972.9375,39,고양시 덕양구·고양시 일산동구·고양시 일산서구·과천시·광명시·광주시·구리시·군포시·김포시·남양주시·동두천시·부천시 소사구·부천시 오정구·부천시 원미구·성남시 분당구·성남시 수정구·성남시 중원구·수원시 권선구·수원시 영통구·수원시 팔달구·시흥시·안산시 단원구·안산시 상록구·안성시·안양시 만안구·양주시·여주시·오산시·용인시 기흥구·용인시 수지구·용인시 처인구·의왕시·의정부시·이천시·파주시·평택시·포천시·하남시·화성시,1,3126.264815497251,1195.0068432684911,5032.648427808456,0.6286555613251225
kl_game,0.018336092345089303,0.008604941452158383,0.03309908017127134,1.8505230683514062,0.14714886774322977,3.582869473361816,731,제주 서귀포시,50130,제주월드컵경기장,2024·2025,38,7066.078947368421,1,제주시,0,2374.0760307015194,191.99137490152006,4519.666944552456,0.3359820981883712
kl_game,0.012737281119833075,0.019193000453353728,0.5069194721605772,1.2818745797052555,-2.4574018960603405,5.164495489943599,366,인천 중구,28110,인천축구전용경기장,2024,19,10949.736842105263,6,계양구·남동구·동구·부평구·서구·연수구,0,4108.2846253428315,-8177.651332591999,15940.629933411537,0.37519482747248817
kl_game,-0.019755543274246903,0.02101645147993342,0.34721563540289657,-1.9561681244703144,-5.912763684316102,2.166811836035998,731,강원 춘천시,51110,춘천송암스포츠타운,2024·2025,18,6065.777777777777,5,동해시·삼척시·속초시·원주시·태백시,0,-2049.1864798889637,-6454.392776900691,2178.246066938373,-0.3378274897237814
