sido,var,k,coef,se,pval,pct,pct_lo,pct_hi
경기,lead3,-3,-0.012749261163829151,0.005975945274902224,0.03288946502311832,-1.2668333620929118,-2.416534121502667,-0.10358715393027351
경기,lead2,-2,-0.005501230527136383,0.003506702296612448,0.11670013422277382,-0.5486126468142838,-1.229811937833758,0.13728474677225933
경기,lead1,-1,-0.004393358146109279,0.003951653769747861,0.26623400269474495,-0.4383721465837098,-1.2065223927929192,0.3357507084964739
경기,n_games,0,-0.0027006423363483377,0.004896203669071056,0.5812369376534282,-0.2696998882460555,-1.2221899927390534,0.6919748438378059
경기,lag1,1,-0.011074303217164443,0.004608510368645558,0.01626067795783943,-1.101320885509638,-1.9906186207712784,-0.2039540200197254
경기,lag2,2,-0.0005979536318328298,0.003374704756433601,0.8593615484578736,-0.05977748931874638,-0.7186428194927652,0.6034602984407833
경기,lag3,3,-0.0059200613127568386,0.004428599866251109,0.1812946375669251,-0.5902572278853824,-1.4494052155710202,0.2763806716202577
경남,lead3,-3,0.00421709849421146,0.0049103199329128015,0.3904378617091083,0.42260029666787435,-0.5392536367081702,1.3937560201770172
경남,lead2,-2,0.004312915577329782,0.0030471020481071267,0.15694669725423943,0.4322229583077819,-0.16580283866640677,1.0338310433557707
경남,lead1,-1,-0.006091719098700325,0.0036485870627813166,0.09499646091949776,-0.6073202196912653,-1.3155647686650007,0.10600730249883394
경남,n_games,0,0.014427870645702839,0.00393968201216129,0.00025006664354744386,1.4532454741335687,0.6728630098027821,2.2396772031065604
경남,lag1,1,0.008028893698207312,0.004050317941400135,0.047447097879042686,0.8061211699915027,0.009027460757016215,1.6095678895234888
경남,lag2,2,-0.0027206634442195387,0.003706116443607197,0.46288724055555575,-0.2716965793545634,-0.9934970526305875,0.45536613334726805
경남,lag3,3,0.003670611993034542,0.004589314715866148,0.4238168238371316,0.3677356939404852,-0.5310295117877506,1.2746218130657905
경북,lead3,-3,0.010184415954943871,0.023808195624058916,0.6688190663728945,1.023645362684955,-3.582228284573008,5.849541436069061
경북,lead2,-2,0.0035809281021051873,0.01918091322406007,0.8519019224381427,0.35873472850651567,-3.3441700395355323,4.203498541438044
경북,lead1,-1,0.00845957342041251,0.01792980710741207,0.6370579880905014,0.8495456726087314,-2.633000654973894,4.456652980865927
경북,n_games,0,0.021561418154878494,0.016525444703062712,0.1919812015859801,2.1795545207267786,-1.0770036805075045,5.543319051253537
경북,lag1,1,0.0059949692445764695,0.012875489205889611,0.6414939767449299,0.6012975036104207,-1.9057063289024456,3.1723730367392955
경북,lag2,2,0.00907168728257339,0.013626466642526269,0.5055771429864804,0.9112959746874427,-1.7481580013673836,3.6427353232999726
경북,lag3,3,-0.0016724245353144287,0.019177127239967205,0.9305051184811737,-0.16710268127050343,-3.8498923092809,3.6567470013766368
광주,lead3,-3,-0.009580551799352527,0.004104966137389473,0.019601324537662636,-0.9534804524239937,-1.7471851158364027,-0.1533640939017089
광주,lead2,-2,-0.0019860178524839307,0.0028997264510863957,0.49340806930595615,-0.1984047023944835,-0.7640146265623371,0.3704289977565667
광주,lead1,-1,0.002768618624830457,0.0028524120072448227,0.3317357120945047,0.27724547888501316,-0.28181305033995185,0.839438305359641
광주,n_games,0,0.004780576462974048,0.003820595360471681,0.21083788591387898,0.47920216495616064,-0.27041276857467933,1.2344515602768613
광주,lag1,1,0.00039105896036625143,0.0038907676976658256,0.9199398728584305,0.039113543388968885,-0.7208737232298201,0.8049185550573323
광주,lag2,2,0.006403316210845614,0.003585102336636012,0.0740846518894205,0.6423861268851416,-0.06232900429703481,1.3520705895633256
광주,lag3,3,-0.004314301599321632,0.004049653740251305,0.2867172405149665,-0.4305008369578811,-1.2176877360909777,0.36295908008665556
대구,lead3,-3,-0.004909628787788652,0.003490212645679768,0.15952089954004467,-0.4897596260173609,-1.168167869841441,0.19330539422548476
대구,lead2,-2,-0.0027818894974156335,0.0025024545235147687,0.26628249053699293,-0.27780236284653537,-0.7657233232273297,0.2125176361684078
대구,lead1,-1,0.005295333178305719,0.0028694163729605956,0.06497368930308173,0.530937823518185,-0.03286688892401024,1.0979223386003323
대구,n_games,0,-0.0035986823687342915,0.0034738101980693963,0.30022698792393065,-0.3592214871820487,-1.0353381273540907,0.32151431403664166
대구,lag1,1,-0.0007485397971665822,0.002617639679132952,0.7749088885146527,-0.07482597111421185,-0.586186539796385,0.43916491243167766
대구,lag2,2,-0.0016791805986992217,0.002913424112128378,0.5643719965446715,-0.16777715637427137,-0.736225668948387,0.4039266596942426
대구,lag3,3,-0.006006066316796625,0.004449448279847828,0.17706564897182697,-0.5988065955646271,-1.4619073289765305,0.2718540860441987
대전,lead3,-3,-0.011134567508422833,0.004578923888691117,0.015028164401299556,-1.1072807647271143,-1.990841571332047,-0.21575458313595197
대전,lead2,-2,0.0016912521596723247,0.003022768636373812,0.5758175726476649,0.16926831332046977,-0.42244262696882195,0.764495325364245
대전,lead1,-1,0.004116742204783476,0.0032472976359830996,0.20488937413876473,0.41252276280780986,-0.22454363892688844,1.053656834238259
대전,n_games,0,0.013615633537617727,0.0035610928313040803,0.0001316013133619063,1.370874840195091,0.6657957899727451,2.0808923748665054
대전,lag1,1,0.000631398245116732,0.0032608101673101543,0.8464637876508467,0.06315976189479322,-0.5743233895418087,0.7047302354620477
대전,lag2,2,-0.003609899458287962,0.0030747043898547394,0.2403694277289241,-0.3603391604492967,-0.9590039507609949,0.24194432863822168
대전,lag3,3,-0.007316379725320584,0.004024532481845421,0.06907250064598418,-0.7289680173545365,-1.5089459133343808,0.05718673929409057
부산,lead3,-3,-0.006475177874086869,0.0029391302751454766,0.02758818155498366,-0.6454259085148961,-1.2161319303920837,-0.07142273529333609
부산,lead2,-2,0.00432314375602865,0.0025838437904768547,0.09429887365076511,0.43325020228475175,-0.0740915459794711,0.9431678155424672
부산,lead1,-1,0.007946987513687618,0.002466234844693879,0.0012715889638625147,0.7978648633561347,0.3118018155771951,1.2862831403517738
부산,n_games,0,0.0013346753191949626,0.0025612162810883608,0.6022901715009233,0.13355663946867935,-0.3678526176352781,0.6374892913775909
부산,lag1,1,0.00455256422756895,0.0022936860562506618,0.04716400320302426,0.4562942891960464,0.005694117840504553,0.9089247500887687
부산,lag2,2,1.74066351773676e-05,0.0025149847564074693,0.9944777499956718,0.0017406786673612729,-0.4899919522638241,0.495903225795602
부산,lag3,3,-0.005098220538743974,0.003141448969661148,0.10461330138927392,-0.5085246669658927,-1.1192354806719318,0.10595804008857179
서울,lead3,-3,-0.0077361533279648185,0.004364538032302777,0.0763112280095853,-0.7706306310436006,-1.6158672891721793,0.08186761478778948
서울,lead2,-2,-0.004059982916224018,0.004438249805274718,0.360311778848459,-0.40517523280340084,-1.2677902171778554,0.4649763458892009
서울,lead1,-1,-0.005243403366816397,0.0043694682518651395,0.2301356549619994,-0.5229680722312668,-1.3712673990231017,0.33262742200446116
서울,n_games,0,-0.006012193362811397,0.0039203100843001855,0.12512772303414033,-0.5994156293847475,-1.3602637626164649,0.16730123285948473
서울,lag1,1,-0.012240297133306086,0.0036972143799831373,0.0009306926429356114,-1.2165689413485503,-1.9298196230381537,-0.49813088738152045
서울,lag2,2,-0.008706058593241806,0.00492222055069158,0.07693964076997552,-0.8668270606117745,-1.818620906359314,0.09419370304184493
서울,lag3,3,-0.0035379308846767207,0.004977848101305805,0.47724846471589777,-0.35316797813678136,-1.3206531446046221,0.6238027349744435
울산,lead3,-3,-0.009484529312214954,0.011394140755307957,0.40518089692420356,-0.943969302639891,-3.131620877549224,1.2930876557037285
울산,lead2,-2,0.0038128676974377917,0.010032042129664444,0.703894235266408,0.38201459248430325,-1.5724985675490188,2.3753392801612927
울산,lead1,-1,0.00526242497333611,0.0042926683310929095,0.22023255052679325,0.5276295852449042,-0.3146245120456692,1.3769999918329168
울산,n_games,0,0.01796983188922872,0.007212738877546538,0.012724007217201152,1.8132260799656796,0.3840218504934212,3.262778415559686
울산,lag1,1,0.008704503774721277,0.0061660020791735794,0.1580402892963777,0.8742498128355924,-0.3375151627494022,2.1007482596806515
울산,lag2,2,-0.001854278084672828,0.006500256920234182,0.7754432118934602,-0.18525599731814557,-1.4488794071004896,1.0945696038968666
울산,lag3,3,0.001411159132770655,0.00731010003168228,0.8469257751867206,0.1412155286341532,-1.2833575185286827,1.586346491014634
인천,lead3,-3,-0.0014523836510417442,0.004689285890150551,0.7567709689973553,-0.14513294523356146,-1.0586943600704446,0.7768637176858162
인천,lead2,-2,-7.937356864970886e-05,0.003392090898314964,0.981331524434295,-0.007937041865135885,-0.6705290270443309,0.6590748615369568
인천,lead1,-1,-0.0022173829899332725,0.003350107661743441,0.5080455034010396,-0.22149264123312307,-0.8745130942141244,0.4358297902331776
인천,n_games,0,0.006658038126567701,0.0036526532552828388,0.06833444380926328,0.66802521356224,-0.05010366929606436,1.3913137725315439
인천,lag1,1,-0.006115252769738516,0.004438134474769018,0.1682378332726967,-0.6096592667975242,-1.470480892874948,0.25868308889105407
인천,lag2,2,0.0012809789732795653,0.00446207669899767,0.7740500369757064,0.1281799777284709,-0.7436899743164416,1.0077084576098683
인천,lag3,3,-0.009950568929194716,0.003983984430885045,0.012502219694564817,-0.9901225817820047,-1.7602413581394805,-0.21396670865335699
충북,lead3,-3,0.023663542589150082,0.0075686418078899954,0.0017688588087359034,2.3945745792473883,0.8868095266266085,3.9248733552019965
충북,lead2,-2,-0.00603553695432247,0.004801550565753335,0.20875454861547582,-0.6017359689396207,-1.5327889592830601,0.3381205577451585
충북,lead1,-1,-0.01969363711446956,0.007786048717470674,0.011427422619419642,-1.9500984194749216,-3.435044742144755,-0.44231704680871564
충북,n_games,0,0.0137606676383018,0.012331854679552352,0.2644805289663018,1.3855781400772482,-1.035577342136862,3.865966968090029
충북,lag1,1,-0.03303843985643453,0.013520337300617058,0.014541110899742015,-3.2498631739474204,-5.780055424846653,-0.6517248755804506
충북,lag2,2,0.0008592981349579284,0.005344477580023994,0.8722647577416945,0.08596674373730906,-0.9569793201092747,1.1398952724221534
충북,lag3,3,0.007121550112113384,0.011445405160588007,0.5337977846830699,0.7146968654093477,-1.5194819830782413,2.9995614254218372
