sido,var,n_days,coef,se,pval,pct,pct_lo,pct_hi,persons,persons_lo,persons_hi
경기,n_games,253,-0.00869740265998331,0.0061204182535967615,0.15530306485505835,-0.8659689667693149,-2.0480782843770196,0.3304063541418545,-15769.876996744717,-37746.990789677824,5945.173902971879
경기,post_only,97,-0.00770302680472314,0.005677234441965228,0.17483608395478267,-0.767343452586855,-1.8654221818408367,0.343022249541014,-13081.804518543757,-32157.891054194177,5783.191781381913
경기,pre_only,97,-0.005269709415726572,0.006185294742302364,0.3942286024460042,-0.5255848854794354,-1.724250397745808,0.6877007036228955,-8534.666416989116,-28340.600466337804,11032.606363973851
경남,n_games,243,0.01594583176435182,0.006069425644105338,0.008608084984809458,1.6073644998749304,0.40579688507327294,2.8233114112683033,7426.455940939302,1897.3276901735035,12890.198956324666
경남,post_only,86,0.005172721552441304,0.00601154835590991,0.3895332640827295,0.5186123174225843,-0.6588115801522187,1.7099914238753344,2207.0276914867777,-2836.895330638956,7191.8687648384275
경남,pre_only,89,0.001177357175411707,0.0057517640116315025,0.8378104487113577,0.11780505324539003,-1.0045305752841793,1.2528648727948788,459.1184897356807,-3959.3147120770254,4828.020391875575
경북,n_games,13,0.03167589066959155,0.0316241177705729,0.31651887969064696,3.2182910973340473,-2.985271631518116,9.818537826419993,13237.359399474537,-13064.081553935068,37958.04720265211
경북,post_only,6,0.004173359158194256,0.0208789272881711,0.8415714667961309,0.41820797486911143,-3.6082277701235066,4.612834265937482,1888.413245735018,-16973.490990046597,19994.01793220995
경북,pre_only,6,0.0031278191425161087,0.03184239274589668,0.921751134781268,0.3132715872841585,-5.7560234173317575,6.773428089777811,1320.166411741415,-25818.7382986317,26817.07484203017
광주,n_games,249,0.01122290017155101,0.005416886906722316,0.03828075759415526,1.1286113172083612,0.06059853693665129,2.20802370247446,2107.0310860799295,114.34037922069476,4078.6771141451572
광주,post_only,95,0.011178177870008302,0.005661689186919236,0.048341521205827354,1.1240887140897993,0.008127036590388492,2.2525030842108107,2066.226861501743,15.105286187402074,4094.713146816947
광주,pre_only,98,0.0006541860999520985,0.00469403437182634,0.8891613917425697,0.06544001263473209,-0.8509706981928544,0.9903208879897152,113.1205552920539,-1484.5963985196356,1696.2054350414205
대구,n_games,239,0.001618957980873054,0.004475010908794174,0.7175183537226064,0.16202692008528974,-0.7126548259793308,1.0444142620197328,487.95443474700386,-2165.1128089260765,3117.853322502393
대구,post_only,94,0.0018156209438354325,0.004669757042052769,0.6974210264753626,0.18172701815204473,-0.7310252028641773,1.1028717567566737,491.8702967680772,-1996.8177286084683,2957.8839723385813
대구,pre_only,94,0.008213468225276537,0.004600881114349212,0.07422975388137781,0.8247291293569603,-0.08039354294583356,1.7380508636953618,2142.692246090517,-210.75892825783464,4475.016043906818
대전,n_games,246,0.021698937129047365,0.0051828949569189126,2.831090908658857e-05,2.1936071144724956,1.160731106175028,3.237029041496031,5293.114912075418,2829.4099010304517,7731.9191307001365
대전,post_only,92,0.0013874586539492527,0.004821266059992652,0.7735159881106544,0.13884216200144017,-0.8029810269442827,1.0896074636076003,302.3481546554029,-1765.2051378541094,2350.455749639143
대전,pre_only,92,0.00645428975800243,0.005013175121381047,0.197932104884179,0.6475163570522469,-0.33658562430249894,1.6413356124515888,1367.241995328126,-717.7240674812607,3431.821869707464
부산,n_games,241,0.011341684068251711,0.003149782336241769,0.0003172597572862426,1.140624481199648,0.5181488409182977,1.7669549071809953,4896.50857400406,2238.1001201719005,7538.555704056453
부산,post_only,86,0.004148417359408956,0.0036636015234895094,0.25749440900889065,0.4157033953658962,-0.3027649025121204,1.139349336280393,1695.3819920047893,-1243.678262497711,4613.413447753615
부산,pre_only,86,0.009787857188695546,0.003450679510127331,0.004561078140675886,0.9835914928995049,0.3029103840396452,1.6688918772139294,3781.269421585849,1172.3959191317865,6372.557780926335
서울,n_games,528,-0.01730902990918535,0.006727572602802433,0.010086514043239738,-1.716008922864698,-3.0034788160352877,-0.4114499763385071,-29212.921031848,-51809.170803043875,-6912.670547617659
서울,post_only,119,-0.008169414817930345,0.009257941198053928,0.3775484193654507,-0.8136135833633706,-2.5971757707173193,1.0026077604506467,-12531.062267169855,-40733.484108516604,15164.225732474839
서울,pre_only,120,-0.020330403851964954,0.011450745242620259,0.07582104675674399,-2.012513461395826,-4.187196769383972,0.2115290901441247,-31558.609169003143,-67150.53890487751,3243.411791476448
울산,n_games,17,0.025334195414490272,0.009032201301970626,0.005033610013072135,2.5657833399461705,0.7660271765664639,4.397684486495113,3605.058419998048,1095.5314975676088,6070.549832741578
울산,post_only,8,0.008227464041501749,0.008176895826218599,0.314326932511658,0.8261402636117632,-0.7768916529050429,2.4550704952305713,1156.515178646213,-1105.1425941057673,3382.2149192402517
울산,pre_only,8,0.011427598671417447,0.01118422885357592,0.30689446324390446,1.1493143111021897,-1.0438625291348314,3.3910987948415405,1534.0218839774043,-1424.15171356274,4428.054682662764
인천,n_games,250,0.0018655279920603072,0.0060652225566454,0.7584035920473859,0.18672691719765488,-0.9972252252958613,1.3848376797793716,957.5660342023472,-5175.089713281718,7017.749398020157
인천,post_only,97,-0.014430665793306879,0.0056101005369873285,0.01010354945307402,-1.4327042784194832,-2.510593273481687,-0.3428976327664368,-6971.925969924077,-12352.304358864598,-1650.3850545314883
인천,pre_only,98,-0.007891373836002224,0.005836179968583366,0.17632826160980553,-0.7860318688443835,-1.914465461549164,0.3553838866139136,-3630.6557575578645,-8944.587379290533,1622.8366028061353
충북,n_games,5,-0.0219376167831655,0.014411428208581692,0.12794957621681297,-2.169873727255889,-4.8945600897302715,0.6328724789125717,-5843.307366821294,-13558.298465450142,1656.81197569388
충북,post_only,2,-0.03381138139942718,0.016507097134354054,0.040531239811869436,-3.3246164803008127,-6.402385766035168,-0.1456409421022542,-9874.83694103385,-19641.802631466788,-418.81356003280194
충북,pre_only,2,-0.030233898898979504,0.009414006575091142,0.0013200410359338844,-2.9781426049473647,-4.7519221070206115,-1.171330481202626,-7838.316978448401,-12739.723723189702,-3026.5190605073203
