share_lo,share_hi,sido,coef,se,pval,pct_per_game,pct_lo,pct_hi,n_game_days,games,extra_outsiders_per_game,mean_crowd_per_game,share_other_sido_of_crowd
-2.600530067055259,0.6261698016768635,경기,-0.00647776163826707,0.005431953509669209,0.23305391901482753,-0.6456826169729313,-1.697860151074626,0.41775690557550593,253,257,-11732.250407835547,11992.186770428016,-0.9783245234944593
0.25865093221859586,1.1099317820824948,경남,0.014812469951210352,0.004722528049647623,0.0017094524888429633,1.4922718261572987,0.5571779921384801,2.436061215241203,243,245,6908.214252102881,10065.930612244898,0.6862966295137429
-1.3114920941047572,4.086558192925231,경북,0.03139970399028858,0.02993146892631654,0.2941536226951842,3.189787516608389,-2.6897613908288154,9.424582653517755,13,13,13123.743597237044,8947.923076923076,1.4666804223075538
-0.004387144605775662,0.2320362620147357,광주,0.00897444356479693,0.004753548320136768,0.059033171196431596,0.9014834622115497,-0.03424524924260375,1.8459710553809572,249,253,1693.1863454494821,14801.0,0.11439675329028325
-0.12604295667802512,0.12278887825570357,대구,-7.138711878098322e-05,0.004024889002356791,0.9858491268519133,-0.007138457078126326,-0.792857131172886,0.7848030938878869,239,241,-21.586215500111905,19173.9377593361,-0.001125810241540042
0.22736195597333986,0.5452972209655372,대전,0.020236283239903976,0.004285283985949991,2.3322269706610314e-06,2.044242498577775,1.1907462662381851,2.9049375692054014,246,249,4952.823810101183,12797.441767068272,0.38701671007765875
0.08737621039688075,0.34954336060846203,부산,0.008916189438890377,0.0027376895546070484,0.001126638906669392,0.8956057056932254,0.35566277556053905,1.4384536873171427,241,245,3864.800343102534,17661.61224489796,0.218824889229407
-2.070708961257947,-0.09254528368661911,서울,-0.010273945948833322,0.004786613600306289,0.031841770178013026,-1.0221349245493339,-1.9463794623700514,-0.08917854150547466,528,769,-17381.638003831067,16184.313394018205,-1.0739805625770569
0.14790059315081294,0.8463216748479052,울산,0.024448986992650842,0.008824419635808881,0.005595214346665358,2.4750314178500155,0.717876921169136,4.262841762525205,17,18,3536.9717362359415,7066.055555555556,0.5005581555971581
-0.12947827674686221,0.46948024291907503,인천,0.005489858169041486,0.004905467123688356,0.26308444418083354,0.5504955054342453,-0.4116361854106576,1.5219224327412295,250,253,2815.6493217148386,16419.916996047432,0.17147768301098087
-1.4517422816757317,0.22439842017663417,충북,-0.019708535929416484,0.01385298907071766,0.15482547744607766,-1.9515592359318878,-4.577939727123114,0.7471093033771803,5,5,-5243.701128261958,8706.2,-0.6022950458594976
