stadium,sigungu,gameday_pct,gameday_lo,gameday_hi,extra_per_game,nextday_pct,nextday_lo,nextday_hi,nextday_sig,away_share,away_note,quadrant,prescription
사직,동래구,11.5,10.4,12.6,12600,0.1,-0.7,0.9,False,22%,95% CI 9~35%,유입↑·체류≈0 (체류 전환 우선),유입 효과 최대(+11.5%)·광역 전날 유입 신호 → 전날 도착한 원정팬을 동래 숙박·경기 전 코스로 잇는다
대구,수성구,8.2,7.3,9.0,11500,0.2,-0.5,0.9,False,측정 불가,광역 단위 효과가 유의하지 않음,유입↑·체류≈0 (체류 전환 우선),숙박 비중은 9곳 중 최고(5.5%)인데 다음날 잔존은 0 → 수성못·미술관 등 다음날 오전 코스로 체류를 늘린다
창원,창원시 마산회원구,8.0,6.6,9.5,4800,-0.4,-1.7,0.8,False,오차가 커서 제외,95% CI 상한이 100%를 넘음(26~111%),유입 중간 이하·체류≈0 (유입·체류 함께),경기당 유입은 가장 적지만 구장 행정동(양덕2동)이 구 관광소비 1위(23.9%) → 구장 주변 상권 중심으로 체류 코스를 만든다
대전,중구,7.7,6.7,8.7,10000,1.3,0.4,2.2,True,39%,95% CI 23~55%,유입↑·체류↑ (확산 모델),"다음날 잔존이 유의한 유일한 구장·타 시도 관중 비중 최대(39%) → 체류 요인을 다른 구장에 확산, 숙박 안내(비중 0.6%)를 보강한다"
문학,미추홀구,7.3,6.5,8.0,9200,-0.5,-1.2,0.2,False,측정 불가,광역 단위 효과가 유의하지 않음,유입 중간 이하·체류≈0 (유입·체류 함께),구장 행정동 비중 3.3%로 소비가 구장 밖에 흩어짐 → 미추홀구 시장·쇼핑과 경기 전 동선을 잇는다
수원,수원시 장안구,7.1,6.3,8.0,8800,-0.2,-0.9,0.4,False,측정 불가,광역 단위 효과가 유의하지 않음,유입 중간 이하·체류≈0 (유입·체류 함께),숙박 비중 9곳 중 최저(0.4%) → 방화수류정 등 장안구 인기 관광지와 숙박 안내를 묶는다
광주,북구,6.6,5.9,7.3,8900,0.2,-0.4,0.9,False,측정 불가,광역 단위 효과가 유의하지 않음,유입 중간 이하·체류≈0 (유입·체류 함께),구장이 북구 인기 관광지 1위 → 구장 방문자의 연관 관광지(광주신세계·국립아시아문화전당 등)로 동선을 넓힌다
잠실,송파구,4.7,4.0,5.4,16800,0.6,-0.3,1.4,False,측정 불가,광역 단위 효과가 유의하지 않음,유입↑·체류≈0 (체류 전환 우선),유입은 최대인데 구장은 송파구 인기 관광지 16위 → 롯데월드몰 등 송파구 상위 관광지와 경기 전후 동선을 묶는다
고척,구로구,4.4,3.7,5.0,7900,0.0,-0.6,0.6,False,측정 불가,광역 단위 효과가 유의하지 않음,유입 중간 이하·체류≈0 (유입·체류 함께),돔이라 우천 취소 0회 → 날씨와 무관한 상시 연계(구로 쇼핑·문화시설)에 적합하다
