stadium,source,rank,title,cat,sigungu
잠실,central,1,롯데월드몰,쇼핑,송파구
잠실,central,2,롯데백화점/잠실점,쇼핑,송파구
잠실,central,3,가락동농수산물도매시장,쇼핑,송파구
잠실,central,4,롯데월드/잠실점,문화관광,송파구
잠실,central,5,올림픽공원,문화관광,송파구
잠실,central,6,가든파이브라이프,쇼핑,송파구
고척,central,1,NC백화점/신구로점,쇼핑,구로구
고척,central,2,아이파크몰/고척점,쇼핑,구로구
고척,central,6,CGV/구로,문화관광,구로구
고척,central,7,고척근린공원,문화관광,구로구
고척,central,9,디큐브링크아트센터,문화관광,구로구
고척,central,10,구로시장,쇼핑,구로구
문학,central,1,롯데백화점/인천점,쇼핑,미추홀구
문학,central,3,신기시장,쇼핑,미추홀구
문학,central,4,용현시장,쇼핑,미추홀구
문학,central,5,토지금고시장,쇼핑,미추홀구
문학,central,6,석바위시장,쇼핑,미추홀구
문학,central,8,앨리웨이/인천,쇼핑,미추홀구
수원,central,1,스타필드/수원,쇼핑,수원시 장안구
수원,central,2,만석공원,문화관광,수원시 장안구
수원,central,3,일월수목원,자연관광,수원시 장안구
수원,central,4,북수원온천,체험관광,수원시 장안구
수원,central,6,방화수류정,역사관광,수원시 장안구
수원,central,7,해우재,문화관광,수원시 장안구
대전,central,3,성심당문화원,문화관광,중구
대전,central,4,우리들공원,문화관광,중구
대전,central,5,대전오월드,문화관광,중구
대전,central,6,대전아쿠아리움,문화관광,중구
대전,central,7,대전근현대사전시관,문화관광,중구
대전,central,8,CGV/대전,문화관광,중구
대구,central,1,수성못,자연관광,수성구
대구,central,5,대구간송미술관,문화관광,수성구
대구,central,6,대구미술관,문화관광,수성구
대구,central,8,CGV/대구스타디움,문화관광,수성구
대구,central,9,국립대구박물관,문화관광,수성구
대구,central,10,동아백화점/수성점,쇼핑,수성구
광주,related,1,창억떡집/중흥본점,음식,북구
광주,related,2,신세계백화점/광주신세계점,쇼핑,서구
광주,related,4,국립아시아문화전당,문화관광,동구
광주,related,6,무등야구장,문화관광,북구
광주,related,7,산수쌈밥,음식,동구
광주,related,8,광주양동시장,쇼핑,서구
사직,central,1,롯데백화점/동래점,쇼핑,동래구
사직,central,2,메가마트/동래점,쇼핑,동래구
사직,central,3,허심청,체험관광,동래구
사직,central,6,CGV/동래,문화관광,동래구
사직,central,7,서원시장,쇼핑,동래구
사직,central,8,부산해양자연사박물관,문화관광,동래구
창원,central,4,창원시내서농산물도매시장,쇼핑,창원시 마산회원구
창원,central,6,CGV/마산,문화관광,창원시 마산회원구
창원,central,7,메가박스/창원내서,문화관광,창원시 마산회원구
창원,central,8,동마산시장,쇼핑,창원시 마산회원구
창원,central,9,롯데시네마/마산터미널,문화관광,창원시 마산회원구
창원,central,10,봉암수원지,자연관광,창원시 마산회원구
