stadium,source,rank,title,sigungu
잠실,central,7,시그니엘/서울,송파구
잠실,central,9,소피텔 앰배서더 서울 호텔 앤 서비스드 레지던스,송파구
잠실,central,11,롯데호텔/월드,송파구
잠실,central,13,서울올림픽파크텔,송파구
고척,central,4,호텔베르누이서울,구로구
고척,central,5,롯데시티호텔/구로,구로구
고척,central,8,포포인츠바이쉐라톤/서울구로,구로구
고척,central,12,더링크서울트리뷰트포트폴리오호텔,구로구
문학,central,36,넘버25호텔/인천용현점,미추홀구
문학,central,38,스마트하우스K,미추홀구
문학,central,39,써클호텔,미추홀구
문학,central,44,호텔나무,미추홀구
수원,central,23,탑클라우드호텔/수원점,수원시 장안구
수원,central,38,호텔에비뉴,수원시 장안구
수원,central,39,메이커블,수원시 장안구
수원,central,40,호텔여기어때/수원정자점,수원시 장안구
대전,central,20,베스트인시티호텔,중구
대전,central,24,베니키아호텔/대림,중구
대전,central,32,쉼표호텔,중구
대전,central,35,더리즈호텔,중구
대구,central,2,호텔인터불고/대구,수성구
대구,central,3,호텔수성,수성구
대구,central,7,호텔라온제나,수성구
대구,central,11,대구그랜드호텔,수성구
광주,related,5,유탑부티크호텔앤레지던스,서구
광주,related,10,홀리데이인광주호텔,서구
광주,related,27,브리브광주바이롯데호텔,서구
광주,related,28,L7 충장 바이 롯데호텔,동구
사직,central,5,호텔농심,동래구
사직,central,15,녹천온천호텔,동래구
사직,central,18,브라운도트호텔/미남역점,동래구
사직,central,19,덴바스타시그니처호텔,동래구
창원,central,14,브라운도트호텔/양덕점,창원시 마산회원구
창원,central,18,호텔데이지,창원시 마산회원구
창원,central,19,바이브호텔/마산합성점,창원시 마산회원구
창원,central,31,호텔아라,창원시 마산회원구
