venue,wiki_title,address_in_wiki,sido,sigungu,signguCode,note,source
서울월드컵경기장,서울월드컵경기장,대한민국 서울특별시 마포구 월드컵로 240 (성산동 515번지),서울,마포구,11440,,https://ko.wikipedia.org/w/index.php?oldid=41077541
인천축구전용경기장,인천축구전용경기장,인천광역시 제물포구 참외전로 246 (도원동),인천,중구,28110,문서의 현재 주소는 제물포구(2026-07 인천 행정체제 개편). 분석 기간(2024~2025)에는 중구,https://ko.wikipedia.org/w/index.php?oldid=42389913
수원종합운동장,수원종합운동장,대한민국 경기도 수원시 장안구 경수대로 893 (조원동 775번지),경기,수원시 장안구,41111,KBO 수원KT위즈파크와 같은 시군구 → KBO 경기일 통제,https://ko.wikipedia.org/w/index.php?oldid=42210691
안양종합운동장,안양종합운동장,대한민국 경기도 안양시 동안구 평촌대로 389 (비산동 1023번지),경기,안양시 동안구,41173,FC안양은 2025년 K리그1 승격 → 2025년만 분석,https://ko.wikipedia.org/w/index.php?oldid=39253532
강릉종합운동장,강릉종합운동장,대한민국 강원특별자치도 강릉시 종합운동장길 69 (교동 2-10번지),강원,강릉시,51150,강원FC 홈(춘천과 분산),https://ko.wikipedia.org/w/index.php?oldid=42522465
춘천송암스포츠타운,춘천송암스포츠타운,대한민국 강원특별자치도 춘천시 스포츠타운길 136 (송암동 301번지),강원,춘천시,51110,강원FC 홈(강릉과 분산),https://ko.wikipedia.org/w/index.php?oldid=40473474
대전월드컵경기장,대전월드컵경기장,대전광역시 유성구 월드컵대로 32 (노은동 270번지),대전,유성구,30200,,https://ko.wikipedia.org/w/index.php?oldid=42561714
광주축구전용구장,광주축구전용구장,대한민국 전남광주통합특별시 서구 금화로 240 (풍암동 423-2번지),광주,서구,29140,문서의 현재 광역명은 전남광주통합특별시(2026-07),https://ko.wikipedia.org/w/index.php?oldid=42533235
광주월드컵경기장,광주월드컵경기장,대한민국 전남광주통합특별시 서구 금화로 240 (풍암동 423-2번지),광주,서구,29140,광주축구전용구장과 같은 부지(풍암동),https://ko.wikipedia.org/w/index.php?oldid=42299935
대구iM뱅크파크,대구iM뱅크파크,대한민국 대구광역시 북구 고성로 191 (고성동3가 2번지),대구,북구,27230,2025년 DGB대구은행파크에서 이름 변경,https://ko.wikipedia.org/w/index.php?oldid=42457066
울산문수축구경기장,울산문수축구경기장,대한민국 울산광역시 남구 문수로 44 (옥동 산5번지),울산,남구,31140,KBO 문수야구장(제2구장)과 같은 시군구 → KBO 경기일 통제,https://ko.wikipedia.org/w/index.php?oldid=41881846
울산종합운동장,울산종합운동장,대한민국 울산광역시 중구 염포로 55 (남외동 865번지),울산,중구,31110,2024년 1경기,https://ko.wikipedia.org/w/index.php?oldid=39202280
포항스틸야드,포항스틸야드,대한민국 경상북도 포항시 남구 동해안로6213번길 20 (괴동동 1-6번지),경북,포항시 남구,47111,KBO 포항야구장(제2구장)과 같은 시군구 → KBO 경기일 통제,https://ko.wikipedia.org/w/index.php?oldid=42447309
김천종합운동장,김천종합운동장,대한민국 경상북도 김천시 운동장길 1 (삼락동 488-1번지),경북,김천시,47150,,https://ko.wikipedia.org/w/index.php?oldid=39249930
전주월드컵경기장,전주월드컵경기장,전북특별자치도 전주시 덕진구 기린대로 1055 (반월동 763-1번지),전북,전주시 덕진구,52113,,https://ko.wikipedia.org/w/index.php?oldid=42090108
제주월드컵경기장,제주월드컵경기장,제주특별자치도 서귀포시 월드컵로 33 (법환동 914번지),제주,서귀포시,50130,광역 내 대조군은 제주시 1곳,https://ko.wikipedia.org/w/index.php?oldid=41882231
