season,round,date,time,venue_raw,venue,home,away,crowd,promotion_po,source
2024,라운드 1 (3월 1~3일 금/토/일),2024-03-01,14:00,울산문수축구경기장,울산문수축구경기장,울산 HD FC,포항 스틸러스,28683.0,False,https://ko.wikipedia.org/w/index.php?oldid=41076393
2024,라운드 1 (3월 1~3일 금/토/일),2024-03-01,16:30,전주월드컵경기장,전주월드컵경기장,전북 현대 모터스,대전 하나 시티즌,24758.0,False,https://ko.wikipedia.org/w/index.php?oldid=41076393
2024,라운드 1 (3월 1~3일 금/토/일),2024-03-02,14:00,광주축구전용구장,광주축구전용구장,광주 FC,FC 서울,7805.0,False,https://ko.wikipedia.org/w/index.php?oldid=41076393
2024,라운드 1 (3월 1~3일 금/토/일),2024-03-02,16:30,춘천송암스포츠타운,춘천송암스포츠타운,강원 FC,제주 유나이티드,6021.0,False,https://ko.wikipedia.org/w/index.php?oldid=41076393
2024,라운드 1 (3월 1~3일 금/토/일),2024-03-02,16:30,인천축구전용구장,인천축구전용경기장,인천 유나이티드,수원 FC,15060.0,False,https://ko.wikipedia.org/w/index.php?oldid=41076393
2024,라운드 1 (3월 1~3일 금/토/일),2024-03-03,14:00,DGB대구은행파크,대구iM뱅크파크,대구 FC,김천 상무,12133.0,False,https://ko.wikipedia.org/w/index.php?oldid=41076393
2024,라운드 2 (3월 9~10일 토/일),2024-03-09,14:00,수원종합운동장,수원종합운동장,수원 FC,전북 현대 모터스,9557.0,False,https://ko.wikipedia.org/w/index.php?oldid=41076393
2024,라운드 2 (3월 9~10일 토/일),2024-03-09,16:30,포항 스틸야드,포항스틸야드,포항 스틸러스,대구 FC,10946.0,False,https://ko.wikipedia.org/w/index.php?oldid=41076393
2024,라운드 2 (3월 9~10일 토/일),2024-03-09,16:30,김천종합운동장,김천종합운동장,김천 상무,울산 HD FC,5848.0,False,https://ko.wikipedia.org/w/index.php?oldid=41076393
2024,라운드 2 (3월 9~10일 토/일),2024-03-10,14:00,제주월드컵경기장,제주월드컵경기장,제주 유나이티드,대전 하나 시티즌,9083.0,False,https://ko.wikipedia.org/w/index.php?oldid=41076393
2024,라운드 2 (3월 9~10일 토/일),2024-03-10,16:00,서울월드컵경기장,서울월드컵경기장,FC 서울,인천 유나이티드,51670.0,False,https://ko.wikipedia.org/w/index.php?oldid=41076393
2024,라운드 2 (3월 9~10일 토/일),2024-03-10,16:30,광주축구전용구장,광주축구전용구장,광주 FC,강원 FC,5786.0,False,https://ko.wikipedia.org/w/index.php?oldid=41076393
2024,라운드 3 (3월 16~17일 토/일),2024-03-16,14:00,대전월드컵경기장,대전월드컵경기장,대전 하나 시티즌,강원 FC,17191.0,False,https://ko.wikipedia.org/w/index.php?oldid=41076393
2024,라운드 3 (3월 16~17일 토/일),2024-03-16,16:30,DGB대구은행파크,대구iM뱅크파크,대구 FC,수원 FC,11997.0,False,https://ko.wikipedia.org/w/index.php?oldid=41076393
2024,라운드 3 (3월 16~17일 토/일),2024-03-16,16:30,서울월드컵경기장,서울월드컵경기장,FC 서울,제주 유나이티드,29536.0,False,https://ko.wikipedia.org/w/index.php?oldid=41076393
2024,라운드 3 (3월 16~17일 토/일),2024-03-17,14:00,포항 스틸야드,포항스틸야드,포항 스틸러스,광주 FC,9203.0,False,https://ko.wikipedia.org/w/index.php?oldid=41076393
2024,라운드 3 (3월 16~17일 토/일),2024-03-17,14:00,김천종합운동장,김천종합운동장,김천 상무,전북 현대 모터스,4300.0,False,https://ko.wikipedia.org/w/index.php?oldid=41076393
2024,라운드 3 (3월 16~17일 토/일),2024-03-17,16:30,울산문수축구경기장,울산문수축구경기장,울산 HD FC,인천 유나이티드,15233.0,False,https://ko.wikipedia.org/w/index.php?oldid=41076393
2024,라운드 4 (3월 30-31일 토/일),2024-03-30,14:00,전주월드컵경기장,전주월드컵경기장,전북현대 모터스,울산 HD FC,25872.0,False,https://ko.wikipedia.org/w/index.php?oldid=41076393
2024,라운드 4 (3월 30-31일 토/일),2024-03-30,14:00,인천축구전용구장,인천축구전용경기장,인천 유나이티드,대전 하나 시티즌,11581.0,False,https://ko.wikipedia.org/w/index.php?oldid=41076393
2024,라운드 4 (3월 30-31일 토/일),2024-03-30,16:30,제주월드컵경기장,제주월드컵경기장,제주 유나이티드,포항 스틸러스,6036.0,False,https://ko.wikipedia.org/w/index.php?oldid=41076393
2024,라운드 4 (3월 30-31일 토/일),2024-03-30,16:30,수원종합운동장,수원종합운동장,수원FC,김천 상무,6145.0,False,https://ko.wikipedia.org/w/index.php?oldid=41076393
2024,라운드 4 (3월 30-31일 토/일),2024-03-31,14:00,춘천송암스포츠타운,춘천송암스포츠타운,강원FC,FC서울,10144.0,False,https://ko.wikipedia.org/w/index.php?oldid=41076393
2024,라운드 4 (3월 30-31일 토/일),2024-03-31,16:30,광주축구전용구장,광주축구전용구장,광주FC,대구FC,7313.0,False,https://ko.wikipedia.org/w/index.php?oldid=41076393
2024,라운드 5 (4월 2-3일 화/수),2024-04-02,19:30,포항스틸야드,포항스틸야드,포항 스틸러스,수원 FC,5143.0,False,https://ko.wikipedia.org/w/index.php?oldid=41076393
2024,라운드 5 (4월 2-3일 화/수),2024-04-02,19:30,대전월드컵경기장,대전월드컵경기장,대전 하나 시티즌,울산 HD FC,7927.0,False,https://ko.wikipedia.org/w/index.php?oldid=41076393
2024,라운드 5 (4월 2-3일 화/수),2024-04-03,19:30,제주월드컵경기장,제주월드컵경기장,제주 유나이티드,전북 현대 모터스,3426.0,False,https://ko.wikipedia.org/w/index.php?oldid=41076393
2024,라운드 5 (4월 2-3일 화/수),2024-04-03,19:30,춘천송암스포츠타운,춘천송암스포츠타운,강원 FC,대구 FC,3056.0,False,https://ko.wikipedia.org/w/index.php?oldid=41076393
2024,라운드 5 (4월 2-3일 화/수),2024-04-03,19:30,광주축구전용구장,광주축구전용구장,광주 FC,인천 유나이티드,1562.0,False,https://ko.wikipedia.org/w/index.php?oldid=41076393
2024,라운드 5 (4월 2-3일 화/수),2024-04-03,19:30,서울월드컵경기장,서울월드컵경기장,FC 서울,김천 상무,13040.0,False,https://ko.wikipedia.org/w/index.php?oldid=41076393
2024,라운드 6 (4월 6-7일 토/일),2024-04-06,14:00,울산문수축구경기장,울산문수축구경기장,울산 HD FC,수원 FC,14125.0,False,https://ko.wikipedia.org/w/index.php?oldid=41076393
2024,라운드 6 (4월 6-7일 토/일),2024-04-06,16:30,김천종합운동장,김천종합운동장,김천 상무,광주 FC,2978.0,False,https://ko.wikipedia.org/w/index.php?oldid=41076393
2024,라운드 6 (4월 6-7일 토/일),2024-04-06,16:30,인천축구전용구장,인천축구전용경기장,인천 유나이티드,제주 유나이티드,9293.0,False,https://ko.wikipedia.org/w/index.php?oldid=41076393
2024,라운드 6 (4월 6-7일 토/일),2024-04-07,14:00,전주월드컵경기장,전주월드컵경기장,전북 현대 모터스,강원 FC,11125.0,False,https://ko.wikipedia.org/w/index.php?oldid=41076393
2024,라운드 6 (4월 6-7일 토/일),2024-04-07,14:00,DGB대구은행파크,대구iM뱅크파크,대구 FC,FC 서울,12088.0,False,https://ko.wikipedia.org/w/index.php?oldid=41076393
2024,라운드 6 (4월 6-7일 토/일),2024-04-07,16:30,대전월드컵경기장,대전월드컵경기장,대전 하나 시티즌,포항 스틸러스,10761.0,False,https://ko.wikipedia.org/w/index.php?oldid=41076393
2024,라운드 7 (4월 13-14일 토/일),2024-04-13,14:00,전주월드컵경기장,전주월드컵경기장,전북 현대 모터스,광주 FC,11229.0,False,https://ko.wikipedia.org/w/index.php?oldid=41076393
2024,라운드 7 (4월 13-14일 토/일),2024-04-13,14:00,서울월드컵경기장,서울월드컵경기장,FC 서울,포항 스틸러스,29051.0,False,https://ko.wikipedia.org/w/index.php?oldid=41076393
2024,라운드 7 (4월 13-14일 토/일),2024-04-13,16:30,제주월드컵경기장,제주월드컵경기장,제주 유나이티드,김천 상무,4211.0,False,https://ko.wikipedia.org/w/index.php?oldid=41076393
2024,라운드 7 (4월 13-14일 토/일),2024-04-13,16:30,울산문수축구경기장,울산문수축구경기장,울산 HD FC,강원 FC,13874.0,False,https://ko.wikipedia.org/w/index.php?oldid=41076393
2024,라운드 7 (4월 13-14일 토/일),2024-04-14,14:00,수원종합운동장,수원종합운동장,수원 FC,대전 하나 시티즌,4961.0,False,https://ko.wikipedia.org/w/index.php?oldid=41076393
2024,라운드 7 (4월 13-14일 토/일),2024-04-14,16:30,인천축구전용구장,인천축구전용경기장,인천 유나이티드,대구 FC,9400.0,False,https://ko.wikipedia.org/w/index.php?oldid=41076393
2024,"라운드 8 (4월 20-21일 토/일, 5월 15일 수)",2024-04-20,14:00,수원종합운동장,수원종합운동장,수원 FC,제주 유나이티드,2522.0,False,https://ko.wikipedia.org/w/index.php?oldid=41076393
2024,"라운드 8 (4월 20-21일 토/일, 5월 15일 수)",2024-04-20,16:30,포항스틸야드,포항스틸야드,포항 스틸러스,김천 상무,7673.0,False,https://ko.wikipedia.org/w/index.php?oldid=41076393
2024,"라운드 8 (4월 20-21일 토/일, 5월 15일 수)",2024-04-20,16:30,서울월드컵경기장,서울월드컵경기장,FC 서울,전북 현대 모터스,28048.0,False,https://ko.wikipedia.org/w/index.php?oldid=41076393
2024,"라운드 8 (4월 20-21일 토/일, 5월 15일 수)",2024-04-21,14:00,춘천송암스포츠타운,춘천송암스포츠타운,강원 FC,인천 유나이티드,6025.0,False,https://ko.wikipedia.org/w/index.php?oldid=41076393
2024,"라운드 8 (4월 20-21일 토/일, 5월 15일 수)",2024-04-21,16:30,DGB대구은행파크,대구iM뱅크파크,대구 FC,대전 하나 시티즌,11330.0,False,https://ko.wikipedia.org/w/index.php?oldid=41076393
2024,"라운드 8 (4월 20-21일 토/일, 5월 15일 수)",2024-05-15,16:30,광주축구전용구장,광주축구전용구장,광주 FC,울산 HD FC,8069.0,False,https://ko.wikipedia.org/w/index.php?oldid=41076393
2024,라운드 9 (4월 27-28일 토/일),2024-04-27,14:00,대전월드컵경기장,대전월드컵경기장,대전 하나 시티즌,FC 서울,12700.0,False,https://ko.wikipedia.org/w/index.php?oldid=41076393
2024,라운드 9 (4월 27-28일 토/일),2024-04-27,16:30,김천종합운동장,김천종합운동장,김천 상무,강원 FC,2338.0,False,https://ko.wikipedia.org/w/index.php?oldid=41076393
2024,라운드 9 (4월 27-28일 토/일),2024-04-27,16:30,광주축구전용구장,광주축구전용구장,광주 FC,수원 FC,5440.0,False,https://ko.wikipedia.org/w/index.php?oldid=41076393
2024,라운드 9 (4월 27-28일 토/일),2024-04-28,14:00,포항스틸야드,포항스틸야드,포항 스틸러스,인천 유나이티드,7564.0,False,https://ko.wikipedia.org/w/index.php?oldid=41076393
2024,라운드 9 (4월 27-28일 토/일),2024-04-28,14:00,전주월드컵경기장,전주월드컵경기장,전북 현대 모터스,대구 FC,13642.0,False,https://ko.wikipedia.org/w/index.php?oldid=41076393
2024,라운드 9 (4월 27-28일 토/일),2024-04-28,16:30,울산문수축구경기장,울산문수축구경기장,울산 HD FC,제주 유나이티드,20253.0,False,https://ko.wikipedia.org/w/index.php?oldid=41076393
2024,라운드 10 (4월 30일~5월 1일 화/수),2024-04-30,19:30,수원종합운동장,수원종합운동장,수원 FC,FC 서울,7570.0,False,https://ko.wikipedia.org/w/index.php?oldid=41076393
2024,라운드 10 (4월 30일~5월 1일 화/수),2024-04-30,19:30,대전월드컵경기장,대전월드컵경기장,대전 하나 시티즌,김천 상무,4974.0,False,https://ko.wikipedia.org/w/index.php?oldid=41076393
2024,라운드 10 (4월 30일~5월 1일 화/수),2024-05-01,19:00,춘천송암스포츠타운,춘천송암스포츠타운,강원 FC,포항 스틸러스,4157.0,False,https://ko.wikipedia.org/w/index.php?oldid=41076393
2024,라운드 10 (4월 30일~5월 1일 화/수),2024-05-01,19:00,DGB대구은행파크,대구iM뱅크파크,대구 FC,울산 HD FC,11466.0,False,https://ko.wikipedia.org/w/index.php?oldid=41076393
2024,라운드 10 (4월 30일~5월 1일 화/수),2024-05-01,19:00,인천축구전용구장,인천축구전용경기장,인천 유나이티드,전북 현대 모터스,10094.0,False,https://ko.wikipedia.org/w/index.php?oldid=41076393
2024,라운드 10 (4월 30일~5월 1일 화/수),2024-05-01,19:00,제주월드컵경기장,제주월드컵경기장,제주 유나이티드,광주 FC,4502.0,False,https://ko.wikipedia.org/w/index.php?oldid=41076393
2024,라운드 11 (5월 4~6일 토/일/월),2024-05-04,14:30,서울월드컵경기장,서울월드컵경기장,FC 서울,울산 HD FC,52600.0,False,https://ko.wikipedia.org/w/index.php?oldid=41076393
2024,라운드 11 (5월 4~6일 토/일/월),2024-05-04,16:30,포항 스틸야드,포항스틸야드,포항 스틸러스,전북 현대 모터스,13002.0,False,https://ko.wikipedia.org/w/index.php?oldid=41076393
2024,라운드 11 (5월 4~6일 토/일/월),2024-05-05,14:00,수원종합운동장,수원종합운동장,수원 FC,강원 FC,3008.0,False,https://ko.wikipedia.org/w/index.php?oldid=41076393
2024,라운드 11 (5월 4~6일 토/일/월),2024-05-05,16:30,김천종합운동장,김천종합운동장,김천 상무,인천 유나이티드,2651.0,False,https://ko.wikipedia.org/w/index.php?oldid=41076393
2024,라운드 11 (5월 4~6일 토/일/월),2024-05-06,14:00,제주월드컵경기장,제주월드컵경기장,제주 유나이티드,대구 FC,10033.0,False,https://ko.wikipedia.org/w/index.php?oldid=41076393
2024,라운드 11 (5월 4~6일 토/일/월),2024-05-06,16:30,광주축구전용구장,광주축구전용구장,광주 FC,대전 하나 시티즌,4221.0,False,https://ko.wikipedia.org/w/index.php?oldid=41076393
2024,라운드 12 (5월 11-12일 토/일),2024-05-11,16:30,인천축구전용구장,인천축구전용경기장,인천 유나이티드,FC 서울,14435.0,False,https://ko.wikipedia.org/w/index.php?oldid=41076393
2024,라운드 12 (5월 11-12일 토/일),2024-05-11,19:00,춘천송암스포츠타운,춘천송암스포츠타운,강원 FC,대전 하나 시티즌,4236.0,False,https://ko.wikipedia.org/w/index.php?oldid=41076393
2024,라운드 12 (5월 11-12일 토/일),2024-05-11,19:00,DGB대구은행파크,대구iM뱅크파크,대구 FC,광주 FC,11967.0,False,https://ko.wikipedia.org/w/index.php?oldid=41076393
2024,라운드 12 (5월 11-12일 토/일),2024-05-12,14:00,전주월드컵경기장,전주월드컵경기장,전북 현대 모터스,수원 FC,13009.0,False,https://ko.wikipedia.org/w/index.php?oldid=41076393
2024,라운드 12 (5월 11-12일 토/일),2024-05-12,16:30,포항 스틸야드,포항스틸야드,포항 스틸러스,제주 유나이티드,9577.0,False,https://ko.wikipedia.org/w/index.php?oldid=41076393
2024,라운드 12 (5월 11-12일 토/일),2024-05-12,16:30,울산문수축구경기장,울산문수축구경기장,울산 HD FC,김천 상무,16394.0,False,https://ko.wikipedia.org/w/index.php?oldid=41076393
2024,라운드 13 (5월 18-19일 토/일),2024-05-18,16:30,대전월드컵경기장,대전월드컵경기장,대전 하나 시티즌,인천 유나이티드,10535.0,False,https://ko.wikipedia.org/w/index.php?oldid=41076393
2024,라운드 13 (5월 18-19일 토/일),2024-05-18,19:00,김천종합운동장,김천종합운동장,김천 상무,제주 유나이티드,2279.0,False,https://ko.wikipedia.org/w/index.php?oldid=41076393
2024,라운드 13 (5월 18-19일 토/일),2024-05-19,16:30,광주축구전용구장,광주축구전용구장,광주 FC,전북 현대 모터스,8091.0,False,https://ko.wikipedia.org/w/index.php?oldid=41076393
2024,라운드 13 (5월 18-19일 토/일),2024-05-19,16:30,춘천송암스포츠타운,춘천송암스포츠타운,강원 FC,울산 HD FC,7850.0,False,https://ko.wikipedia.org/w/index.php?oldid=41076393
2024,라운드 13 (5월 18-19일 토/일),2024-05-19,16:30,서울월드컵경기장,서울월드컵경기장,FC 서울,대구 FC,27365.0,False,https://ko.wikipedia.org/w/index.php?oldid=41076393
2024,라운드 13 (5월 18-19일 토/일),2024-05-19,19:00,수원종합운동장,수원종합운동장,수원 FC,포항 스틸러스,5126.0,False,https://ko.wikipedia.org/w/index.php?oldid=41076393
2024,라운드 14 (5월 25-26일 토/일),2024-05-25,14:00,전주월드컵경기장,전주월드컵경기장,전북 현대 모터스,김천 상무,11726.0,False,https://ko.wikipedia.org/w/index.php?oldid=41076393
2024,라운드 14 (5월 25-26일 토/일),2024-05-25,16:30,울산문수축구경기장,울산문수축구경기장,울산 HD FC,대전 하나 시티즌,14676.0,False,https://ko.wikipedia.org/w/index.php?oldid=41076393
2024,라운드 14 (5월 25-26일 토/일),2024-05-25,19:00,인천축구전용구장,인천축구전용경기장,인천 유나이티드,광주 FC,9107.0,False,https://ko.wikipedia.org/w/index.php?oldid=41076393
2024,라운드 14 (5월 25-26일 토/일),2024-05-25,19:00,포항 스틸야드,포항스틸야드,포항 스틸러스,FC 서울,13467.0,False,https://ko.wikipedia.org/w/index.php?oldid=41076393
2024,라운드 14 (5월 25-26일 토/일),2024-05-26,16:30,DGB대구은행파크,대구iM뱅크파크,대구 FC,강원 FC,11977.0,False,https://ko.wikipedia.org/w/index.php?oldid=41076393
2024,라운드 14 (5월 25-26일 토/일),2024-05-26,19:00,제주월드컵경기장,제주월드컵경기장,제주 유나이티드,수원 FC,3052.0,False,https://ko.wikipedia.org/w/index.php?oldid=41076393
2024,라운드 15 (5월 28-29일 화/수),2024-05-28,19:30,광주축구전용구장,광주축구전용구장,광주 FC,포항 스틸러스,2687.0,False,https://ko.wikipedia.org/w/index.php?oldid=41076393
2024,라운드 15 (5월 28-29일 화/수),2024-05-28,19:30,김천종합운동장,김천종합운동장,김천 상무,FC 서울,3052.0,False,https://ko.wikipedia.org/w/index.php?oldid=41076393
2024,라운드 15 (5월 28-29일 화/수),2024-05-29,19:30,춘천송암스포츠타운,춘천송암스포츠타운,강원 FC,전북 현대 모터스,6125.0,False,https://ko.wikipedia.org/w/index.php?oldid=41076393
2024,라운드 15 (5월 28-29일 화/수),2024-05-29,19:30,대전월드컵경기장,대전월드컵경기장,대전 하나 시티즌,제주 유나이티드,4759.0,False,https://ko.wikipedia.org/w/index.php?oldid=41076393
2024,라운드 15 (5월 28-29일 화/수),2024-05-29,19:30,수원종합운동장,수원종합운동장,수원 FC,대구 FC,2328.0,False,https://ko.wikipedia.org/w/index.php?oldid=41076393
2024,라운드 15 (5월 28-29일 화/수),2024-05-29,19:30,인천축구전용구장,인천축구전용경기장,인천 유나이티드,울산 HD FC,8413.0,False,https://ko.wikipedia.org/w/index.php?oldid=41076393
2024,라운드 16 (6월 1-2일 토/일),2024-06-01,16:30,울산문수축구경기장,울산문수축구경기장,울산 HD FC,전북 현대 모터스,29007.0,False,https://ko.wikipedia.org/w/index.php?oldid=41076393
2024,라운드 16 (6월 1-2일 토/일),2024-06-01,19:00,김천종합운동장,김천종합운동장,김천 상무,포항 스틸러스,4574.0,False,https://ko.wikipedia.org/w/index.php?oldid=41076393
2024,라운드 16 (6월 1-2일 토/일),2024-06-01,19:00,수원종합운동장,수원종합운동장,수원 FC,인천 유나이티드,7511.0,False,https://ko.wikipedia.org/w/index.php?oldid=41076393
2024,라운드 16 (6월 1-2일 토/일),2024-06-02,16:30,대전월드컵경기장,대전월드컵경기장,대전 하나 시티즌,대구 FC,9649.0,False,https://ko.wikipedia.org/w/index.php?oldid=41076393
2024,라운드 16 (6월 1-2일 토/일),2024-06-02,16:30,제주월드컵경기장,제주월드컵경기장,제주 유나이티드,강원 FC,6534.0,False,https://ko.wikipedia.org/w/index.php?oldid=41076393
2024,라운드 16 (6월 1-2일 토/일),2024-06-02,19:00,서울월드컵경기장,서울월드컵경기장,FC 서울,광주 FC,21100.0,False,https://ko.wikipedia.org/w/index.php?oldid=41076393
2024,라운드 17 (6월 15-16일 토/일),2024-06-15,18:00,포항 스틸야드,포항스틸야드,포항 스틸러스,대전 하나 시티즌,8422.0,False,https://ko.wikipedia.org/w/index.php?oldid=41076393
2024,라운드 17 (6월 15-16일 토/일),2024-06-15,19:00,광주축구전용구장,광주축구전용구장,광주 FC,김천 상무,4561.0,False,https://ko.wikipedia.org/w/index.php?oldid=41076393
2024,라운드 17 (6월 15-16일 토/일),2024-06-15,20:00,춘천송암스포츠타운,춘천송암스포츠타운,강원 FC,수원 FC,9704.0,False,https://ko.wikipedia.org/w/index.php?oldid=41076393
2024,라운드 17 (6월 15-16일 토/일),2024-06-16,18:00,울산문수축구경기장,울산문수축구경기장,울산 HD FC,FC 서울,23856.0,False,https://ko.wikipedia.org/w/index.php?oldid=41076393
2024,라운드 17 (6월 15-16일 토/일),2024-06-16,18:00,전주월드컵경기장,전주월드컵경기장,전북 현대 모터스,인천 유나이티드,11477.0,False,https://ko.wikipedia.org/w/index.php?oldid=41076393
2024,라운드 17 (6월 15-16일 토/일),2024-06-16,19:00,DGB대구은행파크,대구iM뱅크파크,대구 FC,제주 유나이티드,9885.0,False,https://ko.wikipedia.org/w/index.php?oldid=41076393
2024,라운드 18 (6월 22-23일 토/일),2024-06-22,18:00,DGB대구은행파크,대구iM뱅크파크,대구 FC,전북 현대 모터스,10540.0,False,https://ko.wikipedia.org/w/index.php?oldid=41076393
2024,라운드 18 (6월 22-23일 토/일),2024-06-22,19:00,강릉종합운동장,강릉종합운동장,강원 FC,김천 상무,11578.0,False,https://ko.wikipedia.org/w/index.php?oldid=41076393
2024,라운드 18 (6월 22-23일 토/일),2024-06-22,19:00,대전월드컵경기장,대전월드컵경기장,대전 하나 시티즌,광주 FC,7350.0,False,https://ko.wikipedia.org/w/index.php?oldid=41076393
2024,라운드 18 (6월 22-23일 토/일),2024-06-22,20:00,서울월드컵경기장,서울월드컵경기장,FC 서울,수원 FC,25157.0,False,https://ko.wikipedia.org/w/index.php?oldid=41076393
2024,라운드 18 (6월 22-23일 토/일),2024-06-23,18:00,인천축구전용구장,인천축구전용경기장,인천 유나이티드,포항 스틸러스,8198.0,False,https://ko.wikipedia.org/w/index.php?oldid=41076393
2024,라운드 18 (6월 22-23일 토/일),2024-06-23,18:00,제주월드컵경기장,제주월드컵경기장,제주 유나이티드,울산 HD FC,6557.0,False,https://ko.wikipedia.org/w/index.php?oldid=41076393
2024,라운드 19 (6월 25-26일 화/수),2024-06-25,19:30,김천종합운동장,김천종합운동장,김천 상무,대전 하나 시티즌,1925.0,False,https://ko.wikipedia.org/w/index.php?oldid=41076393
2024,라운드 19 (6월 25-26일 화/수),2024-06-25,19:30,수원종합운동장,수원종합운동장,수원 FC,광주 FC,3596.0,False,https://ko.wikipedia.org/w/index.php?oldid=41076393
2024,라운드 19 (6월 25-26일 화/수),2024-06-26,19:30,서울월드컵경기장,서울월드컵경기장,FC 서울,강원 FC,13303.0,False,https://ko.wikipedia.org/w/index.php?oldid=41076393
2024,라운드 19 (6월 25-26일 화/수),2024-06-26,19:30,전주월드컵경기장,전주월드컵경기장,전북 현대 모터스,포항 스틸러스,6546.0,False,https://ko.wikipedia.org/w/index.php?oldid=41076393
2024,라운드 19 (6월 25-26일 화/수),2024-06-26,19:30,울산문수축구경기장,울산문수축구경기장,울산 HD FC,대구 FC,10273.0,False,https://ko.wikipedia.org/w/index.php?oldid=41076393
2024,라운드 19 (6월 25-26일 화/수),2024-06-26,19:30,제주월드컵경기장,제주월드컵경기장,제주 유나이티드,인천 유나이티드,3044.0,False,https://ko.wikipedia.org/w/index.php?oldid=41076393
2024,라운드 20 (6월 29-30일 토/일),2024-06-29,18:00,김천종합운동장,김천종합운동장,김천 상무,대구 FC,3832.0,False,https://ko.wikipedia.org/w/index.php?oldid=41076393
2024,라운드 20 (6월 29-30일 토/일),2024-06-29,19:00,전주월드컵경기장,전주월드컵경기장,전북 현대 모터스,FC 서울,12508.0,False,https://ko.wikipedia.org/w/index.php?oldid=41076393
2024,라운드 20 (6월 29-30일 토/일),2024-06-29,20:00,대전월드컵경기장,대전월드컵경기장,대전 하나 시티즌,수원 FC,5290.0,False,https://ko.wikipedia.org/w/index.php?oldid=41076393
2024,라운드 20 (6월 29-30일 토/일),2024-06-30,18:00,포항 스틸야드,포항스틸야드,포항 스틸러스,울산 HD FC,13079.0,False,https://ko.wikipedia.org/w/index.php?oldid=41076393
2024,라운드 20 (6월 29-30일 토/일),2024-06-30,19:00,광주축구전용구장,광주축구전용구장,광주 FC,제주 유나이티드,2389.0,False,https://ko.wikipedia.org/w/index.php?oldid=41076393
2024,라운드 20 (6월 29-30일 토/일),2024-06-30,19:00,인천축구전용구장,인천축구전용경기장,인천 유나이티드,강원 FC,6164.0,False,https://ko.wikipedia.org/w/index.php?oldid=41076393
2024,라운드 21 (7월 5~7일 금/토/일),2024-07-05,19:30,인천축구전용구장,인천축구전용경기장,인천 유나이티드,김천 상무,7012.0,False,https://ko.wikipedia.org/w/index.php?oldid=41076393
2024,라운드 21 (7월 5~7일 금/토/일),2024-07-05,19:30,수원종합운동장,수원종합운동장,수원 FC,울산 HD FC,7378.0,False,https://ko.wikipedia.org/w/index.php?oldid=41076393
2024,라운드 21 (7월 5~7일 금/토/일),2024-07-06,19:00,제주월드컵경기장,제주월드컵경기장,제주 유나이티드,FC 서울,12409.0,False,https://ko.wikipedia.org/w/index.php?oldid=41076393
2024,라운드 21 (7월 5~7일 금/토/일),2024-07-06,19:30,DGB대구은행파크,대구iM뱅크파크,대구 FC,포항 스틸러스,11881.0,False,https://ko.wikipedia.org/w/index.php?oldid=41076393
2024,라운드 21 (7월 5~7일 금/토/일),2024-07-07,19:00,대전월드컵경기장,대전월드컵경기장,대전 하나 시티즌,전북 현대 모터스,10378.0,False,https://ko.wikipedia.org/w/index.php?oldid=41076393
2024,라운드 21 (7월 5~7일 금/토/일),2024-07-07,19:00,강릉종합운동장,강릉종합운동장,강원 FC,광주 FC,10334.0,False,https://ko.wikipedia.org/w/index.php?oldid=41076393
2024,라운드 22 (7월 9-10일 화/수),2024-07-09,19:30,김천종합운동장,김천종합운동장,김천 상무,수원 FC,1085.0,False,https://ko.wikipedia.org/w/index.php?oldid=41076393
2024,라운드 22 (7월 9-10일 화/수),2024-07-09,19:30,DGB대구은행파크,대구iM뱅크파크,대구 FC,인천 유나이티드,7152.0,False,https://ko.wikipedia.org/w/index.php?oldid=41076393
2024,라운드 22 (7월 9-10일 화/수),2024-07-10,19:30,울산문수축구경기장,울산문수축구경기장,울산 HD FC,광주 FC,9444.0,False,https://ko.wikipedia.org/w/index.php?oldid=41076393
2024,라운드 22 (7월 9-10일 화/수),2024-07-10,19:30,포항 스틸야드,포항스틸야드,포항 스틸러스,강원 FC,5287.0,False,https://ko.wikipedia.org/w/index.php?oldid=41076393
2024,라운드 22 (7월 9-10일 화/수),2024-07-10,19:30,전주월드컵경기장,전주월드컵경기장,전북 현대 모터스,제주 유나이티드,5560.0,False,https://ko.wikipedia.org/w/index.php?oldid=41076393
2024,라운드 22 (7월 9-10일 화/수),2024-07-10,19:30,서울월드컵경기장,서울월드컵경기장,FC 서울,대전 하나 시티즌,15037.0,False,https://ko.wikipedia.org/w/index.php?oldid=41076393
2024,라운드 23 (7월 13-14일 토/일),2024-07-13,19:00,울산문수축구경기장,울산문수축구경기장,울산 HD FC,FC 서울,21064.0,False,https://ko.wikipedia.org/w/index.php?oldid=41076393
2024,라운드 23 (7월 13-14일 토/일),2024-07-13,19:30,제주월드컵경기장,제주월드컵경기장,제주 유나이티드,포항 스틸러스,4412.0,False,https://ko.wikipedia.org/w/index.php?oldid=41076393
2024,라운드 23 (7월 13-14일 토/일),2024-07-13,19:30,대전월드컵경기장,대전월드컵경기장,대전 하나 시티즌,강원 FC,7147.0,False,https://ko.wikipedia.org/w/index.php?oldid=41076393
2024,라운드 23 (7월 13-14일 토/일),2024-07-14,19:00,광주축구전용구장,광주축구전용구장,광주 FC,인천 유나이티드,2969.0,False,https://ko.wikipedia.org/w/index.php?oldid=41076393
2024,라운드 23 (7월 13-14일 토/일),2024-07-14,19:00,수원종합운동장,수원종합운동장,수원 FC,대구 FC,5594.0,False,https://ko.wikipedia.org/w/index.php?oldid=41076393
2024,라운드 23 (7월 13-14일 토/일),2024-07-14,19:00,김천종합운동장,김천종합운동장,김천 상무,전북 현대 모터스,3524.0,False,https://ko.wikipedia.org/w/index.php?oldid=41076393
2024,라운드 24 (7월 20-21일 토/일),2024-07-20,19:00,전주월드컵경기장,전주월드컵경기장,전북 현대 모터스,울산 HD FC,18753.0,False,https://ko.wikipedia.org/w/index.php?oldid=41076393
2024,라운드 24 (7월 20-21일 토/일),2024-07-20,19:30,강릉종합운동장,강릉종합운동장,강원 FC,제주 유나이티드,10710.0,False,https://ko.wikipedia.org/w/index.php?oldid=41076393
2024,라운드 24 (7월 20-21일 토/일),2024-07-21,19:00,대전월드컵경기장,대전월드컵경기장,대전 하나 시티즌,포항 스틸러스,6635.0,False,https://ko.wikipedia.org/w/index.php?oldid=41076393
2024,라운드 24 (7월 20-21일 토/일),2024-07-21,19:00,서울월드컵경기장,서울월드컵경기장,FC 서울,김천 상무,18577.0,False,https://ko.wikipedia.org/w/index.php?oldid=41076393
2024,라운드 24 (7월 20-21일 토/일),2024-07-21,19:00,DGB대구은행파크,대구iM뱅크파크,대구 FC,광주 FC,10721.0,False,https://ko.wikipedia.org/w/index.php?oldid=41076393
2024,라운드 24 (7월 20-21일 토/일),2024-07-21,19:00,인천축구전용구장,인천축구전용경기장,인천 유나이티드,수원 FC,10303.0,False,https://ko.wikipedia.org/w/index.php?oldid=41076393
2024,라운드 25 (7월 26~28일 금/토/일),2024-07-26,19:30,강릉종합운동장,강릉종합운동장,강원 FC,전북 현대 모터스,12272.0,False,https://ko.wikipedia.org/w/index.php?oldid=41076393
2024,라운드 25 (7월 26~28일 금/토/일),2024-07-26,19:30,제주월드컵경기장,제주월드컵경기장,제주 유나이티드,울산 HD FC,7346.0,False,https://ko.wikipedia.org/w/index.php?oldid=41076393
2024,라운드 25 (7월 26~28일 금/토/일),2024-07-27,19:00,광주축구전용구장,광주축구전용구장,광주 FC,수원 FC,4239.0,False,https://ko.wikipedia.org/w/index.php?oldid=41076393
2024,라운드 25 (7월 26~28일 금/토/일),2024-07-27,19:30,DGB대구은행파크,대구iM뱅크파크,대구 FC,대전 하나 시티즌,11373.0,False,https://ko.wikipedia.org/w/index.php?oldid=41076393
2024,라운드 25 (7월 26~28일 금/토/일),2024-07-27,19:30,인천축구전용구장,인천축구전용경기장,인천 유나이티드,FC 서울,15213.0,False,https://ko.wikipedia.org/w/index.php?oldid=41076393
2024,라운드 25 (7월 26~28일 금/토/일),2024-07-28,19:00,포항 스틸야드,포항스틸야드,포항 스틸러스,김천 상무,13221.0,False,https://ko.wikipedia.org/w/index.php?oldid=41076393
2024,라운드 26 (8월 9~11일 금/토/일),2024-08-09,19:30,전주월드컵경기장,전주월드컵경기장,전북 현대 모터스,광주 FC,15178.0,False,https://ko.wikipedia.org/w/index.php?oldid=41076393
2024,라운드 26 (8월 9~11일 금/토/일),2024-08-09,19:30,김천종합운동장,김천종합운동장,김천 상무,강원 FC,3402.0,False,https://ko.wikipedia.org/w/index.php?oldid=41076393
2024,라운드 26 (8월 9~11일 금/토/일),2024-08-10,19:00,울산문수축구경기장,울산문수축구경기장,울산 HD FC,대구 FC,17372.0,False,https://ko.wikipedia.org/w/index.php?oldid=41076393
2024,라운드 26 (8월 9~11일 금/토/일),2024-08-10,19:30,제주월드컵경기장,제주월드컵경기장,제주 유나이티드,인천 유나이티드,6271.0,False,https://ko.wikipedia.org/w/index.php?oldid=41076393
2024,라운드 26 (8월 9~11일 금/토/일),2024-08-10,19:30,수원종합운동장,수원종합운동장,수원 FC,대전 하나 시티즌,5223.0,False,https://ko.wikipedia.org/w/index.php?oldid=41076393
2024,라운드 26 (8월 9~11일 금/토/일),2024-08-11,19:00,포항 스틸야드,포항스틸야드,포항 스틸러스,FC 서울,10730.0,False,https://ko.wikipedia.org/w/index.php?oldid=41076393
2024,라운드 27 (8월 16~18일 금/토/일),2024-08-16,19:30,DGB대구은행파크,대구iM뱅크파크,대구 FC,김천 상무,9817.0,False,https://ko.wikipedia.org/w/index.php?oldid=41076393
2024,라운드 27 (8월 16~18일 금/토/일),2024-08-16,19:30,서울월드컵경기장,서울월드컵경기장,FC 서울,제주 유나이티드,18029.0,False,https://ko.wikipedia.org/w/index.php?oldid=41076393
2024,라운드 27 (8월 16~18일 금/토/일),2024-08-17,19:00,전주월드컵경기장,전주월드컵경기장,전북 현대 모터스,포항 스틸러스,14814.0,False,https://ko.wikipedia.org/w/index.php?oldid=41076393
2024,라운드 27 (8월 16~18일 금/토/일),2024-08-17,19:30,대전월드컵경기장,대전월드컵경기장,대전 하나 시티즌,인천 유나이티드,8618.0,False,https://ko.wikipedia.org/w/index.php?oldid=41076393
2024,라운드 27 (8월 16~18일 금/토/일),2024-08-18,19:00,울산문수축구경기장,울산문수축구경기장,울산 HD FC,수원 FC,13204.0,False,https://ko.wikipedia.org/w/index.php?oldid=41076393
2024,라운드 27 (8월 16~18일 금/토/일),2024-08-18,19:00,강릉종합운동장,강릉종합운동장,강원 FC,광주 FC,13170.0,False,https://ko.wikipedia.org/w/index.php?oldid=41076393
2024,라운드 28 (8월 24-25일 토/일),2024-08-24,19:00,포항 스틸야드,포항스틸야드,포항 스틸러스,대구 FC,10691.0,False,https://ko.wikipedia.org/w/index.php?oldid=41076393
2024,라운드 28 (8월 24-25일 토/일),2024-08-24,19:30,인천축구전용구장,인천축구전용경기장,인천 유나이티드,전북 현대 모터스,15422.0,False,https://ko.wikipedia.org/w/index.php?oldid=41076393
2024,라운드 28 (8월 24-25일 토/일),2024-08-24,19:30,서울월드컵경기장,서울월드컵경기장,FC 서울,강원 FC,34086.0,False,https://ko.wikipedia.org/w/index.php?oldid=41076393
2024,라운드 28 (8월 24-25일 토/일),2024-08-25,19:00,수원종합운동장,수원종합운동장,수원 FC,제주 유나이티드,3275.0,False,https://ko.wikipedia.org/w/index.php?oldid=41076393
2024,라운드 28 (8월 24-25일 토/일),2024-08-25,19:00,광주축구전용구장,광주축구전용구장,광주 FC,울산 HD FC,5081.0,False,https://ko.wikipedia.org/w/index.php?oldid=41076393
2024,라운드 28 (8월 24-25일 토/일),2024-08-25,19:00,김천종합운동장,김천종합운동장,김천 상무,대전 하나 시티즌,3261.0,False,https://ko.wikipedia.org/w/index.php?oldid=41076393
2024,라운드 29 (8월 31일~9월 1일 토/일),2024-08-31,19:00,울산문수축구경기장,울산문수축구경기장,울산 HD FC,포항 스틸러스,22106.0,False,https://ko.wikipedia.org/w/index.php?oldid=41076393
2024,라운드 29 (8월 31일~9월 1일 토/일),2024-08-31,19:30,DGB대구은행파크,대구iM뱅크파크,대구 FC,인천 유나이티드,11994.0,False,https://ko.wikipedia.org/w/index.php?oldid=41076393
2024,라운드 29 (8월 31일~9월 1일 토/일),2024-09-01,18:00,제주월드컵경기장,제주월드컵경기장,제주 유나이티드,김천 상무,5469.0,False,https://ko.wikipedia.org/w/index.php?oldid=41076393
2024,라운드 29 (8월 31일~9월 1일 토/일),2024-09-01,19:00,대전월드컵경기장,대전월드컵경기장,대전 하나 시티즌,광주 FC,7445.0,False,https://ko.wikipedia.org/w/index.php?oldid=41076393
2024,라운드 29 (8월 31일~9월 1일 토/일),2024-09-01,19:00,강릉종합운동장,강릉종합운동장,강원 FC,수원 FC,12292.0,False,https://ko.wikipedia.org/w/index.php?oldid=41076393
2024,라운드 29 (8월 31일~9월 1일 토/일),2024-09-01,19:00,전주월드컵경기장,전주월드컵경기장,전북 현대 모터스,FC 서울,22749.0,False,https://ko.wikipedia.org/w/index.php?oldid=41076393
2024,라운드 30 (9월 13~15일 금/토/일),2024-09-13,19:30,광주축구전용구장,광주축구전용구장,광주 FC,포항 스틸러스,3136.0,False,https://ko.wikipedia.org/w/index.php?oldid=41076393
2024,라운드 30 (9월 13~15일 금/토/일),2024-09-13,19:30,울산문수축구경기장,울산문수축구경기장,울산 HD FC,강원 FC,22010.0,False,https://ko.wikipedia.org/w/index.php?oldid=41076393
2024,라운드 30 (9월 13~15일 금/토/일),2024-09-14,16:30,서울월드컵경기장,서울월드컵경기장,FC 서울,대전 하나 시티즌,26790.0,False,https://ko.wikipedia.org/w/index.php?oldid=41076393
2024,라운드 30 (9월 13~15일 금/토/일),2024-09-14,19:00,제주월드컵경기장,제주월드컵경기장,제주 유나이티드,대구 FC,7746.0,False,https://ko.wikipedia.org/w/index.php?oldid=41076393
2024,라운드 30 (9월 13~15일 금/토/일),2024-09-14,19:00,수원종합운동장,수원종합운동장,수원 FC,전북 현대 모터스,9136.0,False,https://ko.wikipedia.org/w/index.php?oldid=41076393
2024,라운드 30 (9월 13~15일 금/토/일),2024-09-15,16:30,김천종합운동장,김천종합운동장,김천 상무,인천 유나이티드,3315.0,False,https://ko.wikipedia.org/w/index.php?oldid=41076393
2024,라운드 31 (9월 21-22일 토/일),2024-09-21,16:30,수원종합운동장,수원종합운동장,수원 FC,김천 상무,3059.0,False,https://ko.wikipedia.org/w/index.php?oldid=41076393
2024,라운드 31 (9월 21-22일 토/일),2024-09-21,19:00,DGB대구은행파크,대구iM뱅크파크,대구 FC,FC 서울,11837.0,False,https://ko.wikipedia.org/w/index.php?oldid=41076393
2024,라운드 31 (9월 21-22일 토/일),2024-09-22,16:30,광주축구전용구장,광주축구전용구장,광주 FC,제주 유나이티드,3468.0,False,https://ko.wikipedia.org/w/index.php?oldid=41076393
2024,라운드 31 (9월 21-22일 토/일),2024-09-22,16:30,포항스틸야드,포항스틸야드,포항 스틸러스,강원 FC,9427.0,False,https://ko.wikipedia.org/w/index.php?oldid=41076393
2024,라운드 31 (9월 21-22일 토/일),2024-09-22,19:00,대전월드컵경기장,대전월드컵경기장,대전 하나 시티즌,전북 현대 모터스,18473.0,False,https://ko.wikipedia.org/w/index.php?oldid=41076393
2024,라운드 31 (9월 21-22일 토/일),2024-09-22,19:00,인천축구전용구장,인천축구전용경기장,인천 유나이티드,울산 HD FC,13888.0,False,https://ko.wikipedia.org/w/index.php?oldid=41076393
2024,라운드 32 (9월 27~29일 금/토/일),2024-09-27,19:30,대전월드컵경기장,대전월드컵경기장,대전 하나 시티즌,울산 HD FC,11219.0,False,https://ko.wikipedia.org/w/index.php?oldid=41076393
2024,라운드 32 (9월 27~29일 금/토/일),2024-09-27,19:30,포항스틸야드,포항스틸야드,포항 스틸러스,인천 유나이티드,6332.0,False,https://ko.wikipedia.org/w/index.php?oldid=41076393
2024,라운드 32 (9월 27~29일 금/토/일),2024-09-28,16:30,강릉종합운동장,강릉종합운동장,강원 FC,대구 FC,12677.0,False,https://ko.wikipedia.org/w/index.php?oldid=41076393
2024,라운드 32 (9월 27~29일 금/토/일),2024-09-28,19:00,김천종합운동장,김천종합운동장,김천 상무,광주 FC,3238.0,False,https://ko.wikipedia.org/w/index.php?oldid=41076393
2024,라운드 32 (9월 27~29일 금/토/일),2024-09-28,19:00,전주월드컵경기장,전주월드컵경기장,전북 현대 모터스,제주 유나이티드,21386.0,False,https://ko.wikipedia.org/w/index.php?oldid=41076393
2024,라운드 32 (9월 27~29일 금/토/일),2024-09-29,16:30,서울월드컵경기장,서울월드컵경기장,FC 서울,수원 FC,31037.0,False,https://ko.wikipedia.org/w/index.php?oldid=41076393
2024,라운드 33 (10월 6일 일),2024-10-06,15:00,울산문수축구경기장,울산문수축구경기장,울산 HD FC,김천 상무,24417.0,False,https://ko.wikipedia.org/w/index.php?oldid=41076393
2024,라운드 33 (10월 6일 일),2024-10-06,15:00,광주축구전용구장,광주축구전용구장,광주 FC,FC 서울,6357.0,False,https://ko.wikipedia.org/w/index.php?oldid=41076393
2024,라운드 33 (10월 6일 일),2024-10-06,15:00,DGB대구은행파크,대구iM뱅크파크,대구 FC,전북 현대 모터스,12072.0,False,https://ko.wikipedia.org/w/index.php?oldid=41076393
2024,라운드 33 (10월 6일 일),2024-10-06,15:00,인천축구전용구장,인천축구전용경기장,인천 유나이티드,강원 FC,14434.0,False,https://ko.wikipedia.org/w/index.php?oldid=41076393
2024,라운드 33 (10월 6일 일),2024-10-06,15:00,제주월드컵경기장,제주월드컵경기장,제주 유나이티드,대전 하나 시티즌,6766.0,False,https://ko.wikipedia.org/w/index.php?oldid=41076393
2024,라운드 33 (10월 6일 일),2024-10-06,15:00,포항스틸야드,포항스틸야드,포항 스틸러스,수원 FC,9513.0,False,https://ko.wikipedia.org/w/index.php?oldid=41076393
2024,라운드 34 (10월 18-20일 금/토/일),2024-10-18,19:30,포항 스틸야드,포항스틸야드,포항 스틸러스,수원 FC,4611.0,False,https://ko.wikipedia.org/w/index.php?oldid=41076393
2024,라운드 34 (10월 18-20일 금/토/일),2024-10-18,19:30,광주축구전용구장,광주축구전용구장,광주 FC,대구 FC,2447.0,False,https://ko.wikipedia.org/w/index.php?oldid=41076393
2024,라운드 34 (10월 18-20일 금/토/일),2024-10-19,14:00,전주월드컵경기장,전주월드컵경기장,전북 현대 모터스,대전 하나 시티즌,18261.0,False,https://ko.wikipedia.org/w/index.php?oldid=41076393
2024,라운드 34 (10월 18-20일 금/토/일),2024-10-19,16:30,김천종합운동장,김천종합운동장,김천 상무,울산 HD FC,5636.0,False,https://ko.wikipedia.org/w/index.php?oldid=41076393
2024,라운드 34 (10월 18-20일 금/토/일),2024-10-19,16:30,인천축구전용구장,인천축구전용경기장,인천 유나이티드,제주 유나이티드,7138.0,False,https://ko.wikipedia.org/w/index.php?oldid=41076393
2024,라운드 34 (10월 18-20일 금/토/일),2024-10-20,15:00,강릉종합운동장,강릉종합운동장,강원 FC,FC 서울,12742.0,False,https://ko.wikipedia.org/w/index.php?oldid=41076393
2024,라운드 35 (10월 26-27일 토/일),2024-10-26,14:00,강릉종합운동장,강릉종합운동장,강원 FC,김천 상무,9383.0,False,https://ko.wikipedia.org/w/index.php?oldid=41076393
2024,라운드 35 (10월 26-27일 토/일),2024-10-26,16:30,수원종합운동장,수원종합운동장,수원 FC,FC 서울,7971.0,False,https://ko.wikipedia.org/w/index.php?oldid=41076393
2024,라운드 35 (10월 26-27일 토/일),2024-10-27,14:00,포항 스틸야드,포항스틸야드,포항 스틸러스,울산 HD FC,13212.0,False,https://ko.wikipedia.org/w/index.php?oldid=41076393
2024,라운드 35 (10월 26-27일 토/일),2024-10-27,14:00,대전월드컵경기장,대전월드컵경기장,대전 하나 시티즌,대구 FC,13405.0,False,https://ko.wikipedia.org/w/index.php?oldid=41076393
2024,라운드 35 (10월 26-27일 토/일),2024-10-27,16:30,인천축구전용구장,인천축구전용경기장,인천 유나이티드,광주 FC,8257.0,False,https://ko.wikipedia.org/w/index.php?oldid=41076393
2024,라운드 35 (10월 26-27일 토/일),2024-10-27,16:30,제주월드컵경기장,제주월드컵경기장,제주 유나이티드,전북 현대 모터스,6376.0,False,https://ko.wikipedia.org/w/index.php?oldid=41076393
2024,라운드 36 (11월 1-3일 금/토/일),2024-11-01,19:30,울산종합운동장,울산종합운동장,울산 HD FC,강원 FC,13438.0,False,https://ko.wikipedia.org/w/index.php?oldid=41076393
2024,라운드 36 (11월 1-3일 금/토/일),2024-11-02,14:00,전주월드컵경기장,전주월드컵경기장,전북 현대 모터스,인천 유나이티드,18244.0,False,https://ko.wikipedia.org/w/index.php?oldid=41076393
2024,라운드 36 (11월 1-3일 금/토/일),2024-11-02,16:30,서울월드컵경기장,서울월드컵경기장,FC 서울,포항 스틸러스,29377.0,False,https://ko.wikipedia.org/w/index.php?oldid=41076393
2024,라운드 36 (11월 1-3일 금/토/일),2024-11-02,16:30,김천종합운동장,김천종합운동장,김천 상무,수원 FC,1910.0,False,https://ko.wikipedia.org/w/index.php?oldid=41076393
2024,라운드 36 (11월 1-3일 금/토/일),2024-11-02,16:30,광주축구전용구장,광주축구전용구장,광주 FC,대전 하나 시티즌,4666.0,False,https://ko.wikipedia.org/w/index.php?oldid=41076393
2024,라운드 36 (11월 1-3일 금/토/일),2024-11-03,14:00,DGB대구은행파크,대구iM뱅크파크,대구 FC,제주 유나이티드,11940.0,False,https://ko.wikipedia.org/w/index.php?oldid=41076393
2024,라운드 37 (11월 9-10일 토/일),2024-11-09,16:30,수원종합운동장,수원종합운동장,수원 FC,강원 FC,6778.0,False,https://ko.wikipedia.org/w/index.php?oldid=41076393
2024,라운드 37 (11월 9-10일 토/일),2024-11-10,14:00,서울월드컵경기장,서울월드컵경기장,FC 서울,울산 HD FC,37288.0,False,https://ko.wikipedia.org/w/index.php?oldid=41076393
2024,라운드 37 (11월 9-10일 토/일),2024-11-10,14:00,포항 스틸야드,포항스틸야드,포항 스틸러스,김천 상무,8632.0,False,https://ko.wikipedia.org/w/index.php?oldid=41076393
2024,라운드 37 (11월 9-10일 토/일),2024-11-10,16:30,인천축구전용구장,인천축구전용경기장,인천 유나이티드,대전 하나 시티즌,14633.0,False,https://ko.wikipedia.org/w/index.php?oldid=41076393
2024,라운드 37 (11월 9-10일 토/일),2024-11-10,16:30,제주월드컵경기장,제주월드컵경기장,제주 유나이티드,광주 FC,7651.0,False,https://ko.wikipedia.org/w/index.php?oldid=41076393
2024,라운드 37 (11월 9-10일 토/일),2024-11-10,16:30,전주월드컵경기장,전주월드컵경기장,전북 현대 모터스,대구 FC,18985.0,False,https://ko.wikipedia.org/w/index.php?oldid=41076393
2024,라운드 38 (11월 23-24일 토/일),2024-11-23,14:00,울산문수축구경기장,울산문수축구경기장,울산 HD FC,수원 FC,24096.0,False,https://ko.wikipedia.org/w/index.php?oldid=41076393
2024,라운드 38 (11월 23-24일 토/일),2024-11-23,14:00,김천종합운동장,김천종합운동장,김천 상무,FC 서울,5943.0,False,https://ko.wikipedia.org/w/index.php?oldid=41076393
2024,라운드 38 (11월 23-24일 토/일),2024-11-23,14:00,강릉종합운동장,강릉종합운동장,강원 FC,포항 스틸러스,11426.0,False,https://ko.wikipedia.org/w/index.php?oldid=41076393
2024,라운드 38 (11월 23-24일 토/일),2024-11-24,14:00,광주축구전용구장,광주축구전용구장,광주 FC,전북 현대 모터스,7957.0,False,https://ko.wikipedia.org/w/index.php?oldid=41076393
2024,라운드 38 (11월 23-24일 토/일),2024-11-24,14:00,DGB대구은행파크,대구iM뱅크파크,대구 FC,인천 유나이티드,11812.0,False,https://ko.wikipedia.org/w/index.php?oldid=41076393
2024,라운드 38 (11월 23-24일 토/일),2024-11-24,14:00,대전월드컵경기장,대전월드컵경기장,대전 하나 시티즌,제주 유나이티드,12743.0,False,https://ko.wikipedia.org/w/index.php?oldid=41076393
2024,승강 플레이오프,2024-12-08,14:25,전주월드컵경기장,전주월드컵경기장,전북 현대 모터스,서울 이랜드 FC,23772.0,True,https://ko.wikipedia.org/w/index.php?oldid=41807274
2025,라운드 1 (2월 15~16일 토/일),2025-02-15,13:00,포항 스틸야드,포항스틸야드,포항 스틸러스,대전 하나 시티즌,10519.0,False,https://ko.wikipedia.org/w/index.php?oldid=41076398
2025,라운드 1 (2월 15~16일 토/일),2025-02-15,15:30,제주월드컵경기장,제주월드컵경기장,제주 SK FC,FC 서울,11049.0,False,https://ko.wikipedia.org/w/index.php?oldid=41076398
2025,라운드 1 (2월 15~16일 토/일),2025-02-15,16:30,광주월드컵경기장,광주월드컵경기장,광주 FC,수원 FC,4690.0,False,https://ko.wikipedia.org/w/index.php?oldid=41076398
2025,라운드 1 (2월 15~16일 토/일),2025-02-16,14:00,울산문수축구경기장,울산문수축구경기장,울산 HD FC,FC 안양,18718.0,False,https://ko.wikipedia.org/w/index.php?oldid=41076398
2025,라운드 1 (2월 15~16일 토/일),2025-02-16,16:30,전주월드컵경기장,전주월드컵경기장,전북 현대 모터스,김천 상무,19619.0,False,https://ko.wikipedia.org/w/index.php?oldid=41076398
2025,라운드 1 (2월 15~16일 토/일),2025-02-16,16:30,DGB대구은행파크,대구iM뱅크파크,대구 FC,강원 FC,12240.0,False,https://ko.wikipedia.org/w/index.php?oldid=41076398
2025,라운드 2 (2월 22~23일 토/일),2025-02-22,14:00,제주월드컵경기장,제주월드컵경기장,제주 SK FC,김천 상무,5733.0,False,https://ko.wikipedia.org/w/index.php?oldid=41076398
2025,라운드 2 (2월 22~23일 토/일),2025-02-22,16:30,서울월드컵경기장,서울월드컵경기장,FC 서울,FC 안양,41415.0,False,https://ko.wikipedia.org/w/index.php?oldid=41076398
2025,라운드 2 (2월 22~23일 토/일),2025-02-22,16:30,DGB대구은행파크,대구iM뱅크파크,대구 FC,수원 FC,12098.0,False,https://ko.wikipedia.org/w/index.php?oldid=41076398
2025,라운드 2 (2월 22~23일 토/일),2025-02-23,14:00,대전월드컵경기장,대전월드컵경기장,대전 하나 시티즌,울산 HD FC,19628.0,False,https://ko.wikipedia.org/w/index.php?oldid=41076398
2025,라운드 2 (2월 22~23일 토/일),2025-02-23,16:30,전주월드컵경기장,전주월드컵경기장,전북 현대 모터스,광주 FC,15393.0,False,https://ko.wikipedia.org/w/index.php?oldid=41076398
2025,라운드 2 (2월 22~23일 토/일),2025-02-23,16:30,춘천송암스포츠타운,춘천송암스포츠타운,강원 FC,포항 스틸러스,6539.0,False,https://ko.wikipedia.org/w/index.php?oldid=41076398
2025,라운드 3 (3월 1~3일 토/일/월),2025-03-01,14:00,울산문수축구경기장,울산문수축구경기장,울산 HD FC,전북 현대 모터스,26317.0,False,https://ko.wikipedia.org/w/index.php?oldid=41076398
2025,라운드 3 (3월 1~3일 토/일/월),2025-03-01,16:30,포항 스틸야드,포항스틸야드,포항 스틸러스,대구 FC,11207.0,False,https://ko.wikipedia.org/w/index.php?oldid=41076398
2025,라운드 3 (3월 1~3일 토/일/월),2025-03-01,16:30,광주월드컵경기장,광주월드컵경기장,광주 FC,FC 안양,3319.0,False,https://ko.wikipedia.org/w/index.php?oldid=41076398
2025,라운드 3 (3월 1~3일 토/일/월),2025-03-02,14:00,대전월드컵경기장,대전월드컵경기장,대전 하나 시티즌,수원 FC,7220.0,False,https://ko.wikipedia.org/w/index.php?oldid=41076398
2025,라운드 3 (3월 1~3일 토/일/월),2025-03-02,16:30,춘천송암스포츠타운,춘천송암스포츠타운,강원 FC,제주 SK FC,5009.0,False,https://ko.wikipedia.org/w/index.php?oldid=41076398
2025,라운드 3 (3월 1~3일 토/일/월),2025-03-03,14:00,서울월드컵경기장,서울월드컵경기장,FC 서울,김천 상무,24889.0,False,https://ko.wikipedia.org/w/index.php?oldid=41076398
2025,"라운드 4 (3월 8~9일 토/일, 22일 토)",2025-03-08,14:00,수원종합운동장,수원종합운동장,수원 FC,FC 서울,8661.0,False,https://ko.wikipedia.org/w/index.php?oldid=41076398
2025,"라운드 4 (3월 8~9일 토/일, 22일 토)",2025-03-08,16:30,DGB대구은행파크,대구iM뱅크파크,대구 FC,대전 하나 시티즌,12168.0,False,https://ko.wikipedia.org/w/index.php?oldid=41076398
2025,"라운드 4 (3월 8~9일 토/일, 22일 토)",2025-03-08,16:30,안양종합운동장,안양종합운동장,FC 안양,김천 상무,13579.0,False,https://ko.wikipedia.org/w/index.php?oldid=41076398
2025,"라운드 4 (3월 8~9일 토/일, 22일 토)",2025-03-09,14:00,울산문수축구경기장,울산문수축구경기장,울산 HD FC,제주 유나이티드,16749.0,False,https://ko.wikipedia.org/w/index.php?oldid=41076398
2025,"라운드 4 (3월 8~9일 토/일, 22일 토)",2025-03-09,16:30,전주월드컵경기장,전주월드컵경기장,전북 현대 모터스,강원 FC,14090.0,False,https://ko.wikipedia.org/w/index.php?oldid=41076398
2025,"라운드 4 (3월 8~9일 토/일, 22일 토)",2025-03-22,16:30,광주월드컵경기장,광주월드컵경기장,광주 FC,포항 스틸러스,4544.0,False,https://ko.wikipedia.org/w/index.php?oldid=41076398
2025,라운드 5 (3월 15~16일 토/일),2025-03-15,14:00,제주월드컵경기장,제주월드컵경기장,제주 SK FC,대전 하나 시티즌,4561.0,False,https://ko.wikipedia.org/w/index.php?oldid=41076398
2025,라운드 5 (3월 15~16일 토/일),2025-03-15,16:30,춘천송암스포츠타운,춘천송암스포츠타운,강원 FC,FC 서울,10231.0,False,https://ko.wikipedia.org/w/index.php?oldid=41076398
2025,라운드 5 (3월 15~16일 토/일),2025-03-15,16:30,DGB대구은행파크,대구iM뱅크파크,대구 FC,FC 안양,12183.0,False,https://ko.wikipedia.org/w/index.php?oldid=41076398
2025,라운드 5 (3월 15~16일 토/일),2025-03-16,14:00,수원종합운동장,수원종합운동장,수원 FC,울산 HD FC,5557.0,False,https://ko.wikipedia.org/w/index.php?oldid=41076398
2025,라운드 5 (3월 15~16일 토/일),2025-03-16,16:30,김천종합운동장,김천종합운동장,김천 상무,광주 FC,3193.0,False,https://ko.wikipedia.org/w/index.php?oldid=41076398
2025,라운드 5 (3월 15~16일 토/일),2025-03-16,16:30,전주월드컵경기장,전주월드컵경기장,전북 현대 모터스,포항 스틸러스,10442.0,False,https://ko.wikipedia.org/w/index.php?oldid=41076398
2025,라운드 6 (3월 29~30일 토/일),2025-03-29,14:00,서울월드컵경기장,서울월드컵경기장,FC 서울,대구 FC,25258.0,False,https://ko.wikipedia.org/w/index.php?oldid=41076398
2025,라운드 6 (3월 29~30일 토/일),2025-03-29,16:30,포항 스틸야드,포항스틸야드,포항 스틸러스,울산 HD FC,12565.0,False,https://ko.wikipedia.org/w/index.php?oldid=41076398
2025,라운드 6 (3월 29~30일 토/일),2025-03-29,16:30,대전월드컵경기장,대전월드컵경기장,대전 하나 시티즌,광주 FC,11469.0,False,https://ko.wikipedia.org/w/index.php?oldid=41076398
2025,라운드 6 (3월 29~30일 토/일),2025-03-30,14:00,제주월드컵경기장,제주월드컵경기장,제주 SK FC,수원 FC,10778.0,False,https://ko.wikipedia.org/w/index.php?oldid=41076398
2025,라운드 6 (3월 29~30일 토/일),2025-03-30,16:30,김천종합운동장,김천종합운동장,김천 상무,강원 FC,2026.0,False,https://ko.wikipedia.org/w/index.php?oldid=41076398
2025,라운드 6 (3월 29~30일 토/일),2025-03-30,16:30,안양종합운동장,안양종합운동장,FC 안양,전북 현대 모터스,10031.0,False,https://ko.wikipedia.org/w/index.php?oldid=41076398
2025,라운드 7 (4월 5~6일 토/일),2025-04-05,14:00,울산문수축구경기장,울산문수축구경기장,울산 HD FC,FC 서울,20358.0,False,https://ko.wikipedia.org/w/index.php?oldid=41076398
2025,라운드 7 (4월 5~6일 토/일),2025-04-05,16:30,김천종합운동장,김천종합운동장,김천 상무,대구 FC,3740.0,False,https://ko.wikipedia.org/w/index.php?oldid=41076398
2025,라운드 7 (4월 5~6일 토/일),2025-04-05,16:30,대전월드컵경기장,대전월드컵경기장,대전 하나 시티즌,전북 현대 모터스,14622.0,False,https://ko.wikipedia.org/w/index.php?oldid=41076398
2025,라운드 7 (4월 5~6일 토/일),2025-04-05,19:00,수원종합운동장,수원종합운동장,수원 FC,포항 스틸러스,2924.0,False,https://ko.wikipedia.org/w/index.php?oldid=41076398
2025,라운드 7 (4월 5~6일 토/일),2025-04-06,16:30,광주월드컵경기장,광주월드컵경기장,광주 FC,제주 SK FC,3858.0,False,https://ko.wikipedia.org/w/index.php?oldid=41076398
2025,라운드 7 (4월 5~6일 토/일),2025-04-06,16:30,안양종합운동장,안양종합운동장,FC 안양,강원 FC,8127.0,False,https://ko.wikipedia.org/w/index.php?oldid=41076398
2025,라운드 8 (4월 12~13일 토/일),2025-04-12,14:00,수원종합운동장,수원종합운동장,수원 FC,김천 상무,2066.0,False,https://ko.wikipedia.org/w/index.php?oldid=41076398
2025,라운드 8 (4월 12~13일 토/일),2025-04-12,16:30,포항스틸야드,포항스틸야드,포항 스틸러스,FC 안양,8354.0,False,https://ko.wikipedia.org/w/index.php?oldid=41076398
2025,라운드 8 (4월 12~13일 토/일),2025-04-12,16:30,서울월드컵경기장,서울월드컵경기장,FC 서울,대전 하나 시티즌,20284.0,False,https://ko.wikipedia.org/w/index.php?oldid=41076398
2025,라운드 8 (4월 12~13일 토/일),2025-04-13,14:00,춘천송암스포츠타운,춘천송암스포츠타운,강원 FC,광주 FC,5080.0,False,https://ko.wikipedia.org/w/index.php?oldid=41076398
2025,라운드 8 (4월 12~13일 토/일),2025-04-13,16:30,DGB대구은행파크,대구iM뱅크파크,대구 FC,울산 HD FC,12218.0,False,https://ko.wikipedia.org/w/index.php?oldid=41076398
2025,라운드 8 (4월 12~13일 토/일),2025-04-13,16:30,전주월드컵경기장,전주월드컵경기장,전북 현대 모터스,제주 SK FC,10958.0,False,https://ko.wikipedia.org/w/index.php?oldid=41076398
2025,라운드 9 (4월 19~20일 토/일),2025-04-19,14:00,울산문수축구경기장,울산문수축구경기장,울산 HD FC,강원 FC,13536.0,False,https://ko.wikipedia.org/w/index.php?oldid=41076398
2025,라운드 9 (4월 19~20일 토/일),2025-04-19,16:30,김천종합운동장,김천종합운동장,김천 상무,대전 하나 시티즌,2789.0,False,https://ko.wikipedia.org/w/index.php?oldid=41076398
2025,라운드 9 (4월 19~20일 토/일),2025-04-19,16:30,안양종합운동장,안양종합운동장,FC 안양,수원 FC,4508.0,False,https://ko.wikipedia.org/w/index.php?oldid=41076398
2025,라운드 9 (4월 19~20일 토/일),2025-04-19,19:00,서울월드컵경기장,서울월드컵경기장,FC 서울,광주 FC,19234.0,False,https://ko.wikipedia.org/w/index.php?oldid=41076398
2025,라운드 9 (4월 19~20일 토/일),2025-04-20,16:30,전주월드컵경기장,전주월드컵경기장,전북 현대 모터스,대구 FC,12897.0,False,https://ko.wikipedia.org/w/index.php?oldid=41076398
2025,라운드 9 (4월 19~20일 토/일),2025-04-20,16:30,제주월드컵경기장,제주월드컵경기장,제주 SK FC,포항 스틸러스,5537.0,False,https://ko.wikipedia.org/w/index.php?oldid=41076398
2025,"라운드 10 (4월 9일 수, 26~27일 토/일)",2025-04-09,19:30,광주월드컵경기장,광주월드컵경기장,광주 FC,대구 FC,1983.0,False,https://ko.wikipedia.org/w/index.php?oldid=41076398
2025,"라운드 10 (4월 9일 수, 26~27일 토/일)",2025-04-26,14:00,수원종합운동장,수원종합운동장,수원 FC,전북 현대 모터스,7131.0,False,https://ko.wikipedia.org/w/index.php?oldid=41076398
2025,"라운드 10 (4월 9일 수, 26~27일 토/일)",2025-04-26,16:30,안양종합운동장,안양종합운동장,FC 안양,제주 SK FC,5939.0,False,https://ko.wikipedia.org/w/index.php?oldid=41076398
2025,"라운드 10 (4월 9일 수, 26~27일 토/일)",2025-04-27,14:00,포항스틸야드,포항스틸야드,포항 스틸러스,FC 서울,10984.0,False,https://ko.wikipedia.org/w/index.php?oldid=41076398
2025,"라운드 10 (4월 9일 수, 26~27일 토/일)",2025-04-27,16:30,김천종합운동장,김천종합운동장,김천 상무,울산 HD FC,3300.0,False,https://ko.wikipedia.org/w/index.php?oldid=41076398
2025,"라운드 10 (4월 9일 수, 26~27일 토/일)",2025-04-27,16:30,대전월드컵경기장,대전월드컵경기장,대전 하나 시티즌,강원 FC,9412.0,False,https://ko.wikipedia.org/w/index.php?oldid=41076398
2025,라운드 11 (5월 2~3일 금/토),2025-05-02,19:30,울산문수축구경기장,울산문수축구경기장,울산 HD FC,광주 FC,9659.0,False,https://ko.wikipedia.org/w/index.php?oldid=41076398
2025,라운드 11 (5월 2~3일 금/토),2025-05-02,19:30,포항 스틸야드,포항스틸야드,포항 스틸러스,김천 상무,7405.0,False,https://ko.wikipedia.org/w/index.php?oldid=41076398
2025,라운드 11 (5월 2~3일 금/토),2025-05-03,16:30,DGB대구은행파크,대구iM뱅크파크,대구 FC,제주 SK FC,11325.0,False,https://ko.wikipedia.org/w/index.php?oldid=41076398
2025,라운드 11 (5월 2~3일 금/토),2025-05-03,16:30,대전월드컵경기장,대전월드컵경기장,대전 하나 시티즌,FC 안양,12570.0,False,https://ko.wikipedia.org/w/index.php?oldid=41076398
2025,라운드 11 (5월 2~3일 금/토),2025-05-03,19:00,춘천송암스포츠타운,춘천송암스포츠타운,강원 FC,수원 FC,5105.0,False,https://ko.wikipedia.org/w/index.php?oldid=41076398
2025,라운드 11 (5월 2~3일 금/토),2025-05-03,19:00,서울월드컵경기장,서울월드컵경기장,FC 서울,전북 현대 모터스,48008.0,False,https://ko.wikipedia.org/w/index.php?oldid=41076398
2025,라운드 12 (5월 5~6일 월/화),2025-05-05,16:30,광주월드컵경기장,광주월드컵경기장,광주 FC,김천 상무,6228.0,False,https://ko.wikipedia.org/w/index.php?oldid=41076398
2025,라운드 12 (5월 5~6일 월/화),2025-05-05,16:30,울산문수축구경기장,울산문수축구경기장,울산 HD FC,포항 스틸러스,23442.0,False,https://ko.wikipedia.org/w/index.php?oldid=41076398
2025,라운드 12 (5월 5~6일 월/화),2025-05-06,14:00,전주월드컵경기장,전주월드컵경기장,전북 현대 모터스,대전 하나 시티즌,24338.0,False,https://ko.wikipedia.org/w/index.php?oldid=41076398
2025,라운드 12 (5월 5~6일 월/화),2025-05-06,16:30,제주월드컵경기장,제주월드컵경기장,제주 SK FC,강원 FC,11017.0,False,https://ko.wikipedia.org/w/index.php?oldid=41076398
2025,라운드 12 (5월 5~6일 월/화),2025-05-06,19:00,수원종합운동장,수원종합운동장,수원 FC,대구 FC,3114.0,False,https://ko.wikipedia.org/w/index.php?oldid=41076398
2025,라운드 12 (5월 5~6일 월/화),2025-05-06,19:00,안양종합운동장,안양종합운동장,FC 안양,FC 서울,10103.0,False,https://ko.wikipedia.org/w/index.php?oldid=41076398
2025,라운드 13 (5월 10~11일 토/일),2025-05-10,16:30,포항 스틸야드,포항스틸야드,포항 스틸러스,수원 FC,8811.0,False,https://ko.wikipedia.org/w/index.php?oldid=41076398
2025,라운드 13 (5월 10~11일 토/일),2025-05-10,19:00,대전월드컵경기장,대전월드컵경기장,대전 하나 시티즌,FC 서울,13706.0,False,https://ko.wikipedia.org/w/index.php?oldid=41076398
2025,라운드 13 (5월 10~11일 토/일),2025-05-10,19:00,안양종합운동장,안양종합운동장,FC 안양,대구 FC,6365.0,False,https://ko.wikipedia.org/w/index.php?oldid=41076398
2025,라운드 13 (5월 10~11일 토/일),2025-05-11,16:30,제주월드컵경기장,제주월드컵경기장,제주 SK FC,울산 HD FC,8012.0,False,https://ko.wikipedia.org/w/index.php?oldid=41076398
2025,라운드 13 (5월 10~11일 토/일),2025-05-11,19:00,춘천송암스포츠타운,춘천송암스포츠타운,강원 FC,김천 상무,3628.0,False,https://ko.wikipedia.org/w/index.php?oldid=41076398
2025,라운드 13 (5월 10~11일 토/일),2025-05-11,19:00,광주월드컵경기장,광주월드컵경기장,광주 FC,전북 현대 모터스,8444.0,False,https://ko.wikipedia.org/w/index.php?oldid=41076398
2025,라운드 14 (5월 17~18일 토/일),2025-05-17,16:30,전주월드컵경기장,전주월드컵경기장,전북 현대 모터스,FC 안양,21021.0,False,https://ko.wikipedia.org/w/index.php?oldid=41076398
2025,라운드 14 (5월 17~18일 토/일),2025-05-17,19:00,춘천송암스포츠타운,춘천송암스포츠타운,강원 FC,울산 HD FC,6920.0,False,https://ko.wikipedia.org/w/index.php?oldid=41076398
2025,라운드 14 (5월 17~18일 토/일),2025-05-17,19:00,김천종합운동장,김천종합운동장,김천 상무,제주 SK FC,1726.0,False,https://ko.wikipedia.org/w/index.php?oldid=41076398
2025,라운드 14 (5월 17~18일 토/일),2025-05-18,16:30,DGB대구은행파크,대구iM뱅크파크,대구 FC,FC 서울,11699.0,False,https://ko.wikipedia.org/w/index.php?oldid=41076398
2025,라운드 14 (5월 17~18일 토/일),2025-05-18,16:30,포항스틸야드,포항스틸야드,포항 스틸러스,광주 FC,9819.0,False,https://ko.wikipedia.org/w/index.php?oldid=41076398
2025,라운드 14 (5월 17~18일 토/일),2025-05-18,19:00,수원종합운동장,수원종합운동장,수원 FC,대전 하나 시티즌,3579.0,False,https://ko.wikipedia.org/w/index.php?oldid=41076398
2025,라운드 15 (5월 23~25일 금/토/일),2025-05-23,19:30,안양종합운동장,안양종합운동장,FC 안양,포항 스틸러스,6124.0,False,https://ko.wikipedia.org/w/index.php?oldid=41076398
2025,라운드 15 (5월 23~25일 금/토/일),2025-05-23,19:30,제주월드컵경기장,제주월드컵경기장,제주 SK FC,전북 현대 모터스,6224.0,False,https://ko.wikipedia.org/w/index.php?oldid=41076398
2025,라운드 15 (5월 23~25일 금/토/일),2025-05-24,16:30,서울월드컵경기장,서울월드컵경기장,FC 서울,수원 FC,25578.0,False,https://ko.wikipedia.org/w/index.php?oldid=41076398
2025,라운드 15 (5월 23~25일 금/토/일),2025-05-24,19:00,대전월드컵경기장,대전월드컵경기장,대전 하나 시티즌,대구 FC,10417.0,False,https://ko.wikipedia.org/w/index.php?oldid=41076398
2025,라운드 15 (5월 23~25일 금/토/일),2025-05-24,19:00,울산문수축구경기장,울산문수축구경기장,울산 HD FC,김천 상무,16012.0,False,https://ko.wikipedia.org/w/index.php?oldid=41076398
2025,라운드 15 (5월 23~25일 금/토/일),2025-05-25,16:30,광주월드컵경기장,광주월드컵경기장,광주 FC,강원 FC,4554.0,False,https://ko.wikipedia.org/w/index.php?oldid=41076398
2025,라운드 16 (5월 27~28일 화/수),2025-05-27,19:30,DGB대구은행파크,대구iM뱅크파크,대구 FC,전북 현대 모터스,7994.0,False,https://ko.wikipedia.org/w/index.php?oldid=41076398
2025,라운드 16 (5월 27~28일 화/수),2025-05-27,19:30,대전월드컵경기장,대전월드컵경기장,대전 하나 시티즌,포항 스틸러스,5833.0,False,https://ko.wikipedia.org/w/index.php?oldid=41076398
2025,라운드 16 (5월 27~28일 화/수),2025-05-27,19:30,수원종합운동장,수원종합운동장,수원 FC,제주 SK FC,1884.0,False,https://ko.wikipedia.org/w/index.php?oldid=41076398
2025,라운드 16 (5월 27~28일 화/수),2025-05-28,19:30,춘천송암스포츠타운,춘천송암스포츠타운,강원 FC,FC 안양,3135.0,False,https://ko.wikipedia.org/w/index.php?oldid=41076398
2025,라운드 16 (5월 27~28일 화/수),2025-05-28,19:30,광주월드컵경기장,광주월드컵경기장,광주 FC,울산 HD FC,2933.0,False,https://ko.wikipedia.org/w/index.php?oldid=41076398
2025,라운드 16 (5월 27~28일 화/수),2025-05-28,19:30,김천종합운동장,김천종합운동장,김천 상무,FC 서울,2040.0,False,https://ko.wikipedia.org/w/index.php?oldid=41076398
2025,라운드 17 (5월 31일~6월 1일 토/일),2025-05-31,19:00,서울월드컵경기장,서울월드컵경기장,FC 서울,제주 SK FC,24270.0,False,https://ko.wikipedia.org/w/index.php?oldid=41076398
2025,라운드 17 (5월 31일~6월 1일 토/일),2025-05-31,19:00,안양종합운동장,안양종합운동장,FC 안양,대전 하나 시티즌,8752.0,False,https://ko.wikipedia.org/w/index.php?oldid=41076398
2025,라운드 17 (5월 31일~6월 1일 토/일),2025-05-31,19:00,전주월드컵경기장,전주월드컵경기장,전북 현대 모터스,울산 HD FC,31830.0,False,https://ko.wikipedia.org/w/index.php?oldid=41076398
2025,라운드 17 (5월 31일~6월 1일 토/일),2025-06-01,19:00,김천종합운동장,김천종합운동장,김천 상무,수원 FC,1533.0,False,https://ko.wikipedia.org/w/index.php?oldid=41076398
2025,라운드 17 (5월 31일~6월 1일 토/일),2025-06-01,19:00,DGB대구은행파크,대구iM뱅크파크,대구 FC,광주 FC,11111.0,False,https://ko.wikipedia.org/w/index.php?oldid=41076398
2025,라운드 17 (5월 31일~6월 1일 토/일),2025-06-01,19:00,포항스틸야드,포항스틸야드,포항 스틸러스,강원 FC,8944.0,False,https://ko.wikipedia.org/w/index.php?oldid=41076398
2025,"라운드 18 (4월 1일 화, 6월 13~14일 금/토)",2025-04-01,19:30,울산문수축구경기장,울산문수축구경기장,울산 HD FC,대전 하나 시티즌,6902.0,False,https://ko.wikipedia.org/w/index.php?oldid=41076398
2025,"라운드 18 (4월 1일 화, 6월 13~14일 금/토)",2025-06-13,19:30,춘천송암스포츠타운,춘천송암스포츠타운,강원 FC,전북 현대 모터스,6219.0,False,https://ko.wikipedia.org/w/index.php?oldid=41076398
2025,"라운드 18 (4월 1일 화, 6월 13~14일 금/토)",2025-06-13,19:30,광주월드컵경기장,광주월드컵경기장,광주 FC,FC 서울,2746.0,False,https://ko.wikipedia.org/w/index.php?oldid=41076398
2025,"라운드 18 (4월 1일 화, 6월 13~14일 금/토)",2025-06-14,19:00,김천종합운동장,김천종합운동장,김천 상무,포항 스틸러스,2681.0,False,https://ko.wikipedia.org/w/index.php?oldid=41076398
2025,"라운드 18 (4월 1일 화, 6월 13~14일 금/토)",2025-06-14,19:00,수원종합운동장,수원종합운동장,수원 FC,FC 안양,7524.0,False,https://ko.wikipedia.org/w/index.php?oldid=41076398
2025,"라운드 18 (4월 1일 화, 6월 13~14일 금/토)",2025-06-14,19:00,제주월드컵경기장,제주월드컵경기장,제주 SK FC,대구 FC,6542.0,False,https://ko.wikipedia.org/w/index.php?oldid=41076398
2025,"라운드 19 (4월 23일 수, 6월 17~18일 화/수)",2025-04-23,19:30,안양종합운동장,안양종합운동장,FC 안양,울산 HD FC,5592.0,False,https://ko.wikipedia.org/w/index.php?oldid=41076398
2025,"라운드 19 (4월 23일 수, 6월 17~18일 화/수)",2025-06-17,19:30,대구iM뱅크파크,대구iM뱅크파크,대구 FC,포항 스틸러스,9384.0,False,https://ko.wikipedia.org/w/index.php?oldid=41076398
2025,"라운드 19 (4월 23일 수, 6월 17~18일 화/수)",2025-06-17,19:30,서울월드컵경기장,서울월드컵경기장,FC 서울,강원 FC,15290.0,False,https://ko.wikipedia.org/w/index.php?oldid=41076398
2025,"라운드 19 (4월 23일 수, 6월 17~18일 화/수)",2025-06-17,19:30,전주월드컵경기장,전주월드컵경기장,전북 현대 모터스,수원 FC,11355.0,False,https://ko.wikipedia.org/w/index.php?oldid=41076398
2025,"라운드 19 (4월 23일 수, 6월 17~18일 화/수)",2025-06-18,19:30,대전월드컵경기장,대전월드컵경기장,대전 하나 시티즌,김천 상무,5016.0,False,https://ko.wikipedia.org/w/index.php?oldid=41076398
2025,"라운드 19 (4월 23일 수, 6월 17~18일 화/수)",2025-06-18,19:30,제주월드컵경기장,제주월드컵경기장,제주 SK FC,광주 FC,5307.0,False,https://ko.wikipedia.org/w/index.php?oldid=41076398
2025,"라운드 20 (6월 21~22일 토/일, 8월 2일 토)",2025-06-21,19:00,강릉종합운동장,강릉종합운동장,강원 FC,대구 FC,9256.0,False,https://ko.wikipedia.org/w/index.php?oldid=41076398
2025,"라운드 20 (6월 21~22일 토/일, 8월 2일 토)",2025-06-21,19:00,전주월드컵경기장,전주월드컵경기장,전북 현대 모터스,FC 서울,22862.0,False,https://ko.wikipedia.org/w/index.php?oldid=41076398
2025,"라운드 20 (6월 21~22일 토/일, 8월 2일 토)",2025-06-21,19:00,포항 스틸야드,포항스틸야드,포항 스틸러스,제주 SK FC,6204.0,False,https://ko.wikipedia.org/w/index.php?oldid=41076398
2025,"라운드 20 (6월 21~22일 토/일, 8월 2일 토)",2025-06-22,19:00,광주월드컵경기장,광주월드컵경기장,광주 FC,대전 하나 시티즌,3055.0,False,https://ko.wikipedia.org/w/index.php?oldid=41076398
2025,"라운드 20 (6월 21~22일 토/일, 8월 2일 토)",2025-06-22,19:00,김천종합운동장,김천종합운동장,김천 상무,FC 안양,1774.0,False,https://ko.wikipedia.org/w/index.php?oldid=41076398
2025,"라운드 20 (6월 21~22일 토/일, 8월 2일 토)",2025-08-02,19:00,울산문수축구경기장,울산문수축구경기장,울산 HD FC,수원 FC,10197.0,False,https://ko.wikipedia.org/w/index.php?oldid=41076398
2025,"라운드 21 (6월 27~29일 금/토/일, 7월 12일 토)",2025-06-27,19:30,대전월드컵경기장,대전월드컵경기장,대전 하나 시티즌,제주 SK FC,7097.0,False,https://ko.wikipedia.org/w/index.php?oldid=41076398
2025,"라운드 21 (6월 27~29일 금/토/일, 7월 12일 토)",2025-06-27,19:30,김천종합운동장,김천종합운동장,김천 상무,전북 현대 모터스,3840.0,False,https://ko.wikipedia.org/w/index.php?oldid=41076398
2025,"라운드 21 (6월 27~29일 금/토/일, 7월 12일 토)",2025-06-28,19:00,수원종합운동장,수원종합운동장,수원 FC,강원 FC,3401.0,False,https://ko.wikipedia.org/w/index.php?oldid=41076398
2025,"라운드 21 (6월 27~29일 금/토/일, 7월 12일 토)",2025-06-28,19:00,안양종합운동장,안양종합운동장,FC 안양,광주 FC,7253.0,False,https://ko.wikipedia.org/w/index.php?oldid=41076398
2025,"라운드 21 (6월 27~29일 금/토/일, 7월 12일 토)",2025-06-29,19:00,서울월드컵경기장,서울월드컵경기장,FC 서울,포항 스틸러스,20036.0,False,https://ko.wikipedia.org/w/index.php?oldid=41076398
2025,"라운드 21 (6월 27~29일 금/토/일, 7월 12일 토)",2025-07-12,19:00,울산문수축구경기장,울산문수축구경기장,울산 HD FC,대구 FC,14500.0,False,https://ko.wikipedia.org/w/index.php?oldid=41076398
2025,라운드 22 (7월 18~20일 금/토/일),2025-07-18,19:30,대구iM뱅크파크,대구iM뱅크파크,대구 FC,김천 상무,8562.0,False,https://ko.wikipedia.org/w/index.php?oldid=41076398
2025,라운드 22 (7월 18~20일 금/토/일),2025-07-18,19:30,수원종합운동장,수원종합운동장,수원 FC,광주 FC,2036.0,False,https://ko.wikipedia.org/w/index.php?oldid=41076398
2025,라운드 22 (7월 18~20일 금/토/일),2025-07-19,19:00,강릉종합운동장,강릉종합운동장,강원 FC,대전 하나 시티즌,10207.0,False,https://ko.wikipedia.org/w/index.php?oldid=41076398
2025,라운드 22 (7월 18~20일 금/토/일),2025-07-19,19:00,제주월드컵경기장,제주월드컵경기장,제주 SK FC,FC 안양,7120.0,False,https://ko.wikipedia.org/w/index.php?oldid=41076398
2025,라운드 22 (7월 18~20일 금/토/일),2025-07-19,19:00,포항스틸야드,포항스틸야드,포항 스틸러스,전북 현대 모터스,13973.0,False,https://ko.wikipedia.org/w/index.php?oldid=41076398
2025,라운드 22 (7월 18~20일 금/토/일),2025-07-20,19:00,서울월드컵경기장,서울월드컵경기장,FC 서울,울산 HD FC,24047.0,False,https://ko.wikipedia.org/w/index.php?oldid=41076398
2025,라운드 23 (7월 22~23일 화/수),2025-07-22,19:30,안양종합운동장,안양종합운동장,FC 안양,대구 FC,5368.0,False,https://ko.wikipedia.org/w/index.php?oldid=41076398
2025,라운드 23 (7월 22~23일 화/수),2025-07-22,19:30,포항스틸야드,포항스틸야드,포항 스틸러스,수원 FC,8260.0,False,https://ko.wikipedia.org/w/index.php?oldid=41076398
2025,라운드 23 (7월 22~23일 화/수),2025-07-22,19:30,광주월드컵경기장,광주월드컵경기장,광주 FC,김천 상무,1710.0,False,https://ko.wikipedia.org/w/index.php?oldid=41076398
2025,라운드 23 (7월 22~23일 화/수),2025-07-23,19:30,제주월드컵경기장,제주월드컵경기장,제주 SK FC,FC 서울,7084.0,False,https://ko.wikipedia.org/w/index.php?oldid=41076398
2025,라운드 23 (7월 22~23일 화/수),2025-07-23,19:30,전주월드컵경기장,전주월드컵경기장,전북 현대 모터스,강원 FC,13795.0,False,https://ko.wikipedia.org/w/index.php?oldid=41076398
2025,라운드 23 (7월 22~23일 화/수),2025-07-23,19:30,울산문수축구경기장,울산문수축구경기장,울산 HD FC,대전 하나 시티즌,8127.0,False,https://ko.wikipedia.org/w/index.php?oldid=41076398
2025,라운드 24 (7월 26~27일 토/일),2025-07-26,19:00,광주월드컵경기장,광주월드컵경기장,광주 FC,전북 현대 모터스,9544.0,False,https://ko.wikipedia.org/w/index.php?oldid=41076398
2025,라운드 24 (7월 26~27일 토/일),2025-07-26,19:00,김천종합운동장,김천종합운동장,김천 상무,제주 SK FC,1922.0,False,https://ko.wikipedia.org/w/index.php?oldid=41076398
2025,라운드 24 (7월 26~27일 토/일),2025-07-26,19:00,수원종합운동장,수원종합운동장,수원 FC,FC 안양,8027.0,False,https://ko.wikipedia.org/w/index.php?oldid=41076398
2025,라운드 24 (7월 26~27일 토/일),2025-07-27,19:00,강릉종합운동장,강릉종합운동장,강원 FC,울산 HD FC,9144.0,False,https://ko.wikipedia.org/w/index.php?oldid=41076398
2025,라운드 24 (7월 26~27일 토/일),2025-07-27,19:00,대구iM뱅크파크,대구iM뱅크파크,대구 FC,포항 스틸러스,10153.0,False,https://ko.wikipedia.org/w/index.php?oldid=41076398
2025,라운드 24 (7월 26~27일 토/일),2025-07-27,19:00,대전월드컵경기장,대전월드컵경기장,대전 하나 시티즌,FC 서울,11029.0,False,https://ko.wikipedia.org/w/index.php?oldid=41076398
2025,라운드 25 (8월 8~10일 금/토/일),2025-08-08,19:30,서울월드컵경기장,서울월드컵경기장,FC 서울,대구 FC,15778.0,False,https://ko.wikipedia.org/w/index.php?oldid=41076398
2025,라운드 25 (8월 8~10일 금/토/일),2025-08-08,19:30,전주월드컵경기장,전주월드컵경기장,전북 현대 모터스,FC 안양,21346.0,False,https://ko.wikipedia.org/w/index.php?oldid=41076398
2025,라운드 25 (8월 8~10일 금/토/일),2025-08-09,19:30,울산문수축구경기장,울산문수축구경기장,울산 HD FC,제주 SK FC,10510.0,False,https://ko.wikipedia.org/w/index.php?oldid=41076398
2025,라운드 25 (8월 8~10일 금/토/일),2025-08-09,19:30,강릉종합운동장,강릉종합운동장,강원 FC,김천 상무,9415.0,False,https://ko.wikipedia.org/w/index.php?oldid=41076398
2025,라운드 25 (8월 8~10일 금/토/일),2025-08-10,19:00,포항 스틸야드,포항스틸야드,포항 스틸러스,광주 FC,10020.0,False,https://ko.wikipedia.org/w/index.php?oldid=41076398
2025,라운드 25 (8월 8~10일 금/토/일),2025-08-10,19:00,대전월드컵경기장,대전월드컵경기장,대전 하나 시티즌,수원 FC,9022.0,False,https://ko.wikipedia.org/w/index.php?oldid=41076398
2025,라운드 26 (8월 15~17일 토/일),2025-08-15,19:00,안양종합운동장,안양종합운동장,FC 안양,포항 스틸러스,8122.0,False,https://ko.wikipedia.org/w/index.php?oldid=41076398
2025,라운드 26 (8월 15~17일 토/일),2025-08-15,19:00,제주월드컵경기장,제주월드컵경기장,제주 SK FC,강원 FC,8093.0,False,https://ko.wikipedia.org/w/index.php?oldid=41076398
2025,라운드 26 (8월 15~17일 토/일),2025-08-16,19:00,전주월드컵경기장,전주월드컵경기장,전북 현대 모터스,대구 FC,23460.0,False,https://ko.wikipedia.org/w/index.php?oldid=41076398
2025,라운드 26 (8월 15~17일 토/일),2025-08-16,20:00,수원종합운동장,수원종합운동장,수원 FC,울산 HD FC,5702.0,False,https://ko.wikipedia.org/w/index.php?oldid=41076398
2025,라운드 26 (8월 15~17일 토/일),2025-08-17,19:00,광주월드컵경기장,광주월드컵경기장,광주 FC,대전 하나 시티즌,3278.0,False,https://ko.wikipedia.org/w/index.php?oldid=41076398
2025,라운드 26 (8월 15~17일 토/일),2025-08-17,19:00,김천종합운동장,김천종합운동장,김천 상무,FC 서울,2667.0,False,https://ko.wikipedia.org/w/index.php?oldid=41076398
2025,라운드 27 (8월 23~24일 토/일),2025-08-23,19:00,김천종합운동장,김천종합운동장,김천 상무,수원 FC,2303.0,False,https://ko.wikipedia.org/w/index.php?oldid=41076398
2025,라운드 27 (8월 23~24일 토/일),2025-08-23,19:00,대구iM뱅크파크,대구iM뱅크파크,대구 FC,제주 SK FC,7586.0,False,https://ko.wikipedia.org/w/index.php?oldid=41076398
2025,라운드 27 (8월 23~24일 토/일),2025-08-23,19:30,광주월드컵경기장,광주월드컵경기장,광주 FC,강원 FC,3044.0,False,https://ko.wikipedia.org/w/index.php?oldid=41076398
2025,라운드 27 (8월 23~24일 토/일),2025-08-24,19:00,포항 스틸야드,포항스틸야드,포항 스틸러스,전북 현대 모터스,11582.0,False,https://ko.wikipedia.org/w/index.php?oldid=41076398
2025,라운드 27 (8월 23~24일 토/일),2025-08-24,19:00,서울월드컵경기장,서울월드컵경기장,FC 서울,울산 HD FC,20737.0,False,https://ko.wikipedia.org/w/index.php?oldid=41076398
2025,라운드 27 (8월 23~24일 토/일),2025-08-24,19:00,안양종합운동장,안양종합운동장,FC 안양,대전 하나 시티즌,6317.0,False,https://ko.wikipedia.org/w/index.php?oldid=41076398
2025,라운드 28 (8월 30~31일 토/일),2025-08-30,19:00,제주월드컵경기장,제주월드컵경기장,제주 SK FC,광주 FC,6967.0,False,https://ko.wikipedia.org/w/index.php?oldid=41076398
2025,라운드 28 (8월 30~31일 토/일),2025-08-30,19:00,울산문수축구경기장,울산문수축구경기장,울산 HD FC,전북 현대 모터스,23294.0,False,https://ko.wikipedia.org/w/index.php?oldid=41076398
2025,라운드 28 (8월 30~31일 토/일),2025-08-30,19:00,대구iM뱅크파크,대구iM뱅크파크,대구 FC,수원 FC,7324.0,False,https://ko.wikipedia.org/w/index.php?oldid=41076398
2025,라운드 28 (8월 30~31일 토/일),2025-08-31,19:00,강릉종합운동장,강릉종합운동장,강원 FC,포항 스틸러스,8505.0,False,https://ko.wikipedia.org/w/index.php?oldid=41076398
2025,라운드 28 (8월 30~31일 토/일),2025-08-31,19:00,대전월드컵경기장,대전월드컵경기장,대전 하나 시티즌,김천 상무,6534.0,False,https://ko.wikipedia.org/w/index.php?oldid=41076398
2025,라운드 28 (8월 30~31일 토/일),2025-08-31,19:00,서울월드컵경기장,서울월드컵경기장,FC 서울,FC 안양,20027.0,False,https://ko.wikipedia.org/w/index.php?oldid=41076398
2025,라운드 29 (9월 13~14일 토/일),2025-09-13,19:00,전주월드컵경기장,전주월드컵경기장,전북 현대 모터스,대전 하나 시티즌,22588.0,False,https://ko.wikipedia.org/w/index.php?oldid=41076398
2025,라운드 29 (9월 13~14일 토/일),2025-09-13,19:00,포항스틸야드,포항스틸야드,포항 스틸러스,울산 HD FC,14166.0,False,https://ko.wikipedia.org/w/index.php?oldid=41076398
2025,라운드 29 (9월 13~14일 토/일),2025-09-14,19:00,강릉종합운동장,강릉종합운동장,강원 FC,FC 서울,7572.0,False,https://ko.wikipedia.org/w/index.php?oldid=41076398
2025,라운드 29 (9월 13~14일 토/일),2025-09-14,19:00,안양종합운동장,안양종합운동장,FC 안양,제주 SK FC,7412.0,False,https://ko.wikipedia.org/w/index.php?oldid=41076398
2025,라운드 29 (9월 13~14일 토/일),2025-09-14,19:00,김천종합운동장,김천종합운동장,김천 상무,대구 FC,3872.0,False,https://ko.wikipedia.org/w/index.php?oldid=41076398
2025,라운드 29 (9월 13~14일 토/일),2025-09-14,19:00,수원종합운동장,수원종합운동장,수원 FC,광주 FC,3354.0,False,https://ko.wikipedia.org/w/index.php?oldid=41076398
2025,라운드 30 (9월 20~21일 토/일),2025-09-20,16:30,전주월드컵경기장,전주월드컵경기장,전북 현대 모터스,김천 상무,17212.0,False,https://ko.wikipedia.org/w/index.php?oldid=41076398
2025,라운드 30 (9월 20~21일 토/일),2025-09-20,19:00,대전월드컵경기장,대전월드컵경기장,대전 하나 시티즌,대구 FC,21045.0,False,https://ko.wikipedia.org/w/index.php?oldid=41076398
2025,라운드 30 (9월 20~21일 토/일),2025-09-21,16:30,수원종합운동장,수원종합운동장,수원 FC,강원 FC,4005.0,False,https://ko.wikipedia.org/w/index.php?oldid=41076398
2025,라운드 30 (9월 20~21일 토/일),2025-09-21,16:30,울산문수축구경기장,울산문수축구경기장,울산 HD FC,FC 안양,13201.0,False,https://ko.wikipedia.org/w/index.php?oldid=41076398
2025,라운드 30 (9월 20~21일 토/일),2025-09-21,19:00,포항스틸야드,포항스틸야드,포항 스틸러스,제주 SK FC,9014.0,False,https://ko.wikipedia.org/w/index.php?oldid=41076398
2025,라운드 30 (9월 20~21일 토/일),2025-09-21,19:00,서울월드컵경기장,서울월드컵경기장,FC 서울,광주 FC,15221.0,False,https://ko.wikipedia.org/w/index.php?oldid=41076398
2025,라운드 31 (9월 27~28일 토/일),2025-09-27,14:00,강릉종합운동장,강릉종합운동장,강원 FC,대전 하나 시티즌,7112.0,False,https://ko.wikipedia.org/w/index.php?oldid=41076398
2025,라운드 31 (9월 27~28일 토/일),2025-09-27,16:30,대구iM뱅크파크,대구iM뱅크파크,대구 FC,울산 HD FC,10601.0,False,https://ko.wikipedia.org/w/index.php?oldid=41076398
2025,라운드 31 (9월 27~28일 토/일),2025-05-27,16:30,김천종합운동장,김천종합운동장,김천 상무,포항 스틸러스,3634.0,False,https://ko.wikipedia.org/w/index.php?oldid=41076398
2025,라운드 31 (9월 27~28일 토/일),2025-05-27,19:00,서울월드컵경기장,서울월드컵경기장,FC 서울,전북 현대 모터스,31348.0,False,https://ko.wikipedia.org/w/index.php?oldid=41076398
2025,라운드 31 (9월 27~28일 토/일),2025-09-28,16:30,안양종합운동장,안양종합운동장,FC 안양,광주 FC,7435.0,False,https://ko.wikipedia.org/w/index.php?oldid=41076398
2025,라운드 31 (9월 27~28일 토/일),2025-09-28,16:30,제주월드컵경기장,제주월드컵경기장,제주 SK FC,수원 FC,5142.0,False,https://ko.wikipedia.org/w/index.php?oldid=41076398
2025,라운드 32 (10월 3~5일 금/토/일),2025-10-03,14:00,제주월드컵경기장,제주월드컵경기장,제주 SK FC,전북 현대 모터스,6102.0,False,https://ko.wikipedia.org/w/index.php?oldid=41076398
2025,라운드 32 (10월 3~5일 금/토/일),2025-10-04,14:00,광주월드컵경기장,광주월드컵경기장,광주 FC,대구 FC,6731.0,False,https://ko.wikipedia.org/w/index.php?oldid=41076398
2025,라운드 32 (10월 3~5일 금/토/일),2025-10-05,14:00,포항스틸야드,포항스틸야드,포항 스틸러스,대전 하나 시티즌,11821.0,False,https://ko.wikipedia.org/w/index.php?oldid=41076398
2025,라운드 32 (10월 3~5일 금/토/일),2025-10-05,14:00,김천종합운동장,김천종합운동장,김천 상무,울산 HD FC,4239.0,False,https://ko.wikipedia.org/w/index.php?oldid=41076398
2025,라운드 32 (10월 3~5일 금/토/일),2025-10-05,16:30,강릉종합운동장,강릉종합운동장,강원 FC,FC 안양,8464.0,False,https://ko.wikipedia.org/w/index.php?oldid=41076398
2025,라운드 32 (10월 3~5일 금/토/일),2025-10-05,16:30,수원종합운동장,수원종합운동장,수원 FC,FC 서울,7304.0,False,https://ko.wikipedia.org/w/index.php?oldid=41076398
2025,라운드 33 (10월 18일 토),2025-10-18,14:00,울산문수축구경기장,울산문수축구경기장,울산 HD,광주 FC,10294.0,False,https://ko.wikipedia.org/w/index.php?oldid=41076398
2025,라운드 33 (10월 18일 토),2025-10-18,14:00,서울월드컵경기장,서울월드컵경기장,FC 서울,포항 스틸러스,23672.0,False,https://ko.wikipedia.org/w/index.php?oldid=41076398
2025,라운드 33 (10월 18일 토),2025-10-18,14:00,대전월드컵경기장,대전월드컵경기장,대전 하나 시티즌,제주 SK,10425.0,False,https://ko.wikipedia.org/w/index.php?oldid=41076398
2025,라운드 33 (10월 18일 토),2025-10-18,14:00,전주월드컵경기장,전주월드컵경기장,전북 현대 모터스,수원 FC,21899.0,False,https://ko.wikipedia.org/w/index.php?oldid=41076398
2025,라운드 33 (10월 18일 토),2025-10-18,14:00,대구iM뱅크파크,대구iM뱅크파크,대구 FC,강원 FC,10795.0,False,https://ko.wikipedia.org/w/index.php?oldid=41076398
2025,라운드 33 (10월 18일 토),2025-10-18,14:00,안양종합운동장,안양종합운동장,FC 안양,김천 상무,7178.0,False,https://ko.wikipedia.org/w/index.php?oldid=41076398
2025,라운드 34 (10월 25~26일 토/일),2025-10-25,14:00,전주월드컵경기장,전주월드컵경기장,전북 현대 모터스,김천 상무,8498.0,False,https://ko.wikipedia.org/w/index.php?oldid=41076398
2025,라운드 34 (10월 25~26일 토/일),2025-10-25,14:00,광주월드컵경기장,광주월드컵경기장,광주 FC,FC 안양,2228.0,False,https://ko.wikipedia.org/w/index.php?oldid=41076398
2025,라운드 34 (10월 25~26일 토/일),2025-10-25,16:30,수원종합운동장,수원종합운동장,수원 FC,제주 SK FC,2510.0,False,https://ko.wikipedia.org/w/index.php?oldid=41076398
2025,라운드 34 (10월 25~26일 토/일),2025-10-26,14:00,울산문수축구경기장,울산문수축구경기장,울산 HD,대구 FC,10858.0,False,https://ko.wikipedia.org/w/index.php?oldid=41076398
2025,라운드 34 (10월 25~26일 토/일),2025-10-26,14:00,서울월드컵경기장,서울월드컵경기장,FC 서울,강원 FC,12177.0,False,https://ko.wikipedia.org/w/index.php?oldid=41076398
2025,라운드 34 (10월 25~26일 토/일),2025-10-26,16:30,대전월드컵경기장,대전월드컵경기장,대전 하나 시티즌,포항 스틸러스,8275.0,False,https://ko.wikipedia.org/w/index.php?oldid=41076398
2025,라운드 35 (11월 1~2일 토/일),2025-11-01,14:00,강릉종합운동장,강릉종합운동장,강원 FC,전북 현대 모터스,6424.0,False,https://ko.wikipedia.org/w/index.php?oldid=41076398
2025,라운드 35 (11월 1~2일 토/일),2025-11-01,14:00,대전월드컵경기장,대전월드컵경기장,대전 하나 시티즌,FC 서울,9353.0,False,https://ko.wikipedia.org/w/index.php?oldid=41076398
2025,라운드 35 (11월 1~2일 토/일),2025-11-01,16:30,김천종합운동장,김천종합운동장,김천 상무,포항 스틸러스,2147.0,False,https://ko.wikipedia.org/w/index.php?oldid=41076398
2025,라운드 35 (11월 1~2일 토/일),2025-11-01,16:30,안양종합운동장,안양종합운동장,FC 안양,울산 HD FC,8216.0,False,https://ko.wikipedia.org/w/index.php?oldid=41076398
2025,라운드 35 (11월 1~2일 토/일),2025-11-02,14:00,광주월드컵경기장,광주월드컵경기장,광주 FC,제주 SK FC,2485.0,False,https://ko.wikipedia.org/w/index.php?oldid=41076398
2025,라운드 35 (11월 1~2일 토/일),2025-11-02,16:30,수원종합운동장,수원종합운동장,수원 FC,대구 FC,3865.0,False,https://ko.wikipedia.org/w/index.php?oldid=41076398
2025,라운드 36 (11월 8~9일 토/일),2025-11-08,14:00,제주월드컵경기장,제주월드컵경기장,제주 SK FC,FC 안양,4161.0,False,https://ko.wikipedia.org/w/index.php?oldid=41076398
2025,라운드 36 (11월 8~9일 토/일),2025-11-08,14:00,대구iM뱅크파크,대구iM뱅크파크,대구 FC,광주 FC,9372.0,False,https://ko.wikipedia.org/w/index.php?oldid=41076398
2025,라운드 36 (11월 8~9일 토/일),2025-11-08,16:30,김천종합운동장,김천종합운동장,김천 상무,강원 FC,1405.0,False,https://ko.wikipedia.org/w/index.php?oldid=41076398
2025,라운드 36 (11월 8~9일 토/일),2025-11-08,16:30,전주월드컵경기장,전주월드컵경기장,전북 현대 모터스,대전 하나 시티즌,23160.0,False,https://ko.wikipedia.org/w/index.php?oldid=41076398
2025,라운드 36 (11월 8~9일 토/일),2025-11-09,14:00,포항스틸야드,포항스틸야드,포항 스틸러스,FC 서울,10493.0,False,https://ko.wikipedia.org/w/index.php?oldid=41076398
2025,라운드 36 (11월 8~9일 토/일),2025-11-09,16:30,울산문수축구경기장,울산문수축구경기장,울산 HD,수원 FC,10187.0,False,https://ko.wikipedia.org/w/index.php?oldid=41076398
2025,라운드 37 (11월 22~23일 토/일),2025-11-22,14:00,안양종합운동장,안양종합운동장,FC 안양,수원 FC,7835.0,False,https://ko.wikipedia.org/w/index.php?oldid=41076398
2025,라운드 37 (11월 22~23일 토/일),2025-11-22,14:00,서울월드컵경기장,서울월드컵경기장,FC 서울,김천 상무,13247.0,False,https://ko.wikipedia.org/w/index.php?oldid=41076398
2025,라운드 37 (11월 22~23일 토/일),2025-11-22,14:00,대전월드컵경기장,대전월드컵경기장,대전 하나 시티즌,강원 FC,9102.0,False,https://ko.wikipedia.org/w/index.php?oldid=41076398
2025,라운드 37 (11월 22~23일 토/일),2025-11-22,16:30,광주월드컵경기장,광주월드컵경기장,광주 FC,울산 HD FC,4033.0,False,https://ko.wikipedia.org/w/index.php?oldid=41076398
2025,라운드 37 (11월 22~23일 토/일),2025-11-22,16:30,포항스틸야드,포항스틸야드,포항 스틸러스,전북 현대 모터스,10572.0,False,https://ko.wikipedia.org/w/index.php?oldid=41076398
2025,라운드 37 (11월 22~23일 토/일),2025-11-23,14:00,제주월드컵경기장,제주월드컵경기장,제주 SK FC,대구 FC,9246.0,False,https://ko.wikipedia.org/w/index.php?oldid=41076398
2025,라운드 38 (11월 30일 일),2025-11-30,14:00,대구iM뱅크파크,대구iM뱅크파크,대구 FC,FC 안양,12092.0,False,https://ko.wikipedia.org/w/index.php?oldid=41076398
2025,라운드 38 (11월 30일 일),2025-11-30,14:00,수원종합운동장,수원종합운동장,수원 FC,광주 FC,6064.0,False,https://ko.wikipedia.org/w/index.php?oldid=41076398
2025,라운드 38 (11월 30일 일),2025-11-30,14:00,울산문수축구경기장,울산문수축구경기장,울산 HD,제주 SK FC,11928.0,False,https://ko.wikipedia.org/w/index.php?oldid=41076398
2025,라운드 38 (11월 30일 일),2025-11-30,16:30,전주월드컵경기장,전주월드컵경기장,전북 현대 모터스,FC 서울,21742.0,False,https://ko.wikipedia.org/w/index.php?oldid=41076398
2025,라운드 38 (11월 30일 일),2025-11-30,16:30,김천종합운동장,김천종합운동장,김천 상무,대전 하나 시티즌,2804.0,False,https://ko.wikipedia.org/w/index.php?oldid=41076398
2025,라운드 38 (11월 30일 일),2025-11-30,16:30,강릉종합운동장,강릉종합운동장,강원 FC,포항 스틸러스,6524.0,False,https://ko.wikipedia.org/w/index.php?oldid=41076398
2025,승강 플레이오프,2025-12-07,14:00,제주월드컵경기장,제주월드컵경기장,제주 SK FC,수원 삼성 블루윙즈,18912.0,True,https://ko.wikipedia.org/w/index.php?oldid=42158664
2025,승강 플레이오프,2025-12-08,19:00,수원종합운동장,수원종합운동장,수원 FC,부천 FC 1995,4180.0,True,https://ko.wikipedia.org/w/index.php?oldid=42158664
