scope,stay_k,day_k,source,diff_k,unit
전국,221,69,"2025 국민여행조사 보고서(분석편) [표 8] 1회 평균 여행 지출액, 6쪽(PDF 26쪽)",152,"천원, 여행 경험자 1인의 여행 1회 기준"
서울,195,69,"같은 보고서 [표 2-1-25] 여행지별 1회 평균 여행 지출액, 73쪽(PDF 104쪽)",126,"천원, 여행 경험자 1인의 여행 1회 기준"
부산,244,84,"같은 보고서 [표 2-1-25] 여행지별 1회 평균 여행 지출액, 73쪽(PDF 104쪽)",160,"천원, 여행 경험자 1인의 여행 1회 기준"
대구,176,92,"같은 보고서 [표 2-1-25] 여행지별 1회 평균 여행 지출액, 73쪽(PDF 104쪽)",84,"천원, 여행 경험자 1인의 여행 1회 기준"
인천,156,62,"같은 보고서 [표 2-1-25] 여행지별 1회 평균 여행 지출액, 73쪽(PDF 104쪽)",94,"천원, 여행 경험자 1인의 여행 1회 기준"
광주,137,82,"같은 보고서 [표 2-1-25] 여행지별 1회 평균 여행 지출액, 73쪽(PDF 104쪽)",55,"천원, 여행 경험자 1인의 여행 1회 기준"
대전,118,81,"같은 보고서 [표 2-1-25] 여행지별 1회 평균 여행 지출액, 73쪽(PDF 104쪽)",37,"천원, 여행 경험자 1인의 여행 1회 기준"
경기,140,64,"같은 보고서 [표 2-1-25] 여행지별 1회 평균 여행 지출액, 73쪽(PDF 104쪽)",76,"천원, 여행 경험자 1인의 여행 1회 기준"
경남,163,67,"같은 보고서 [표 2-1-25] 여행지별 1회 평균 여행 지출액, 73쪽(PDF 104쪽)",96,"천원, 여행 경험자 1인의 여행 1회 기준"
