stadium,stadium_full,home_teams,is_secondary,sido,sigungu,signguCode,dong,valid_seasons,source_note
잠실,잠실야구장,LG;두산,0,서울,송파구,11710,잠실동,2023-2026,주소 공개정보(송파구 잠실동 종합운동장). 코드: API 응답 signguCode
고척,고척스카이돔,키움,0,서울,구로구,11530,고척동,2023-2026,주소 공개정보(구로구 경인로 고척동)
문학,인천SSG랜더스필드,SSG,0,인천,미추홀구,28177,문학동,2023-2026,주소 공개정보(미추홀구 매소홀로 문학동). 2018 남구→미추홀구 개칭 코드 28177
수원,수원KT위즈파크,KT,0,경기,수원시 장안구,41111,조원동,2023-2026,주소 공개정보(장안구 경수대로 조원동). API는 수원시(41110)와 일반구(41111)를 모두 제공 → 분석은 일반구 사용
한밭,대전 한화생명이글스파크(구 홈구장),한화,0,대전,중구,30140,부사동,2023-2024,KBO 구장명 '한밭'. 2025년부터 신구장(대전)으로 이전. 둘 다 중구 부사동
대전,대전 한화생명볼파크(신구장),한화,0,대전,중구,30140,부사동,2025-2026,2025 개장 신구장. 구 한밭종합운동장 부지(중구 부사동)
대구,대구삼성라이온즈파크,삼성,0,대구,수성구,27260,연호동,2023-2026,주소 공개정보(수성구 야구전설로 연호동)
광주,광주-기아챔피언스필드,KIA,0,광주,북구,29170,임동,2023-2026,주소 공개정보(북구 서림로 임동). 2026-07-01부터 API 코드가 12300(북구)으로 바뀜 → 29170으로 통일
사직,사직야구장,롯데,0,부산,동래구,26260,사직동,2023-2026,주소 공개정보(동래구 사직로 사직동)
창원,창원NC파크,NC,0,경남,창원시 마산회원구,48127,양덕동,2023-2026,주소 공개정보(마산회원구 삼호로 양덕동). API는 창원시(48120)와 일반구 모두 제공 → 일반구 사용
울산,울산문수야구장,롯데(제2구장),1,울산,남구,31140,옥동,2023-2025,울산 남구 문수로 44 (문수경기장 https://www.uic.or.kr/munsu/institution/institution02.do)
포항,포항야구장,삼성(제2구장),1,경북,포항시 남구,47111,대도동,2023-2026,포항시 남구 희망대로 790(대도동) (포항시시설관리공단 https://www.phsisul.org/sisul_6/main.do)
청주,청주야구장,한화(제2구장),1,충북,청주시 서원구,43112,사직동,2024,청주시 서원구 사직대로 229(사직동) (위키백과 https://ko.wikipedia.org/wiki/청주야구장)
