stadium,title,addr,mapx,mapy,contentid,coord_source
잠실,잠실야구장,서울특별시 송파구 올림픽로 19-2 (잠실동),127.07286341634108,37.51125262751507,2758173,TourAPI
고척,고척 스카이돔,서울특별시 구로구 경인로 430 (고척동),126.8668969788,37.4992128511,2591873,TourAPI
문학,인천SSG랜더스필드,인천광역시 미추홀구 매소홀로 618 (문학동),126.6933,37.4371,3061208,TourAPI
수원,수원KT위즈파크,경기도 수원시 장안구 경수대로 893 (조원동),127.01115310524531,37.299911907686514,3057776,TourAPI
대전,대전 한화생명 볼파크,대전광역시 중구 대종로 373,127.4315370174,36.3162759121,2766990,TourAPI
대구,대구삼성라이온즈파크,대구광역시 수성구 연호동,128.6812363543248,35.841128950997835,3008741,TourAPI
광주,광주-기아 챔피언스 필드,전남광주통합특별시 북구 서림로 10,126.8890444294,35.16820063,2033064,TourAPI
사직,부산사직종합운동장 사직야구장,부산광역시 동래구 사직로 45 (사직동),129.06082936994434,35.195328511670965,3060992,TourAPI
창원,창원NC파크,경상남도 창원시 마산회원구 삼호로 63,128.5823260174,35.2219539258,2764156,TourAPI
