stadium,type,contenttypeid,title,addr,dist_m,mapx,mapy,cls3,cls3_name,contentid,modifiedtime
잠실,관광지,12,아시아공원,서울특별시 송파구 올림픽로 44,365,127.0767025661,37.5100820131,VE030100,시민공원,1603175,20250404135449
잠실,관광지,12,강남 마이스 관광특구,서울특별시 강남구 영동대로 513 (삼성동),1215,127.059217995,37.5119175967,VE050100,관광단지,2456536,20251222174229
잠실,관광지,12,코엑스동측광장,서울특별시 강남구 영동대로 513 (삼성동),1215,127.059217995,37.5119175967,VE030500,주제공원,2759626,20250609135524
잠실,관광지,12,코엑스 아쿠아리움,서울특별시 강남구 영동대로 513,1222,127.0591318945,37.5118092746,VE020400,수족관 / 아쿠라리움,130284,20250723152656
잠실,관광지,12,청담도로공원,서울특별시 강남구 삼성동,1377,127.0628118632,37.52069442,VE030400,근린공원,3081985,20251031133712
잠실,관광지,12,2025 서울 카페&베이커리페어,서울특별시 강남구 남부순환로 3104 (대치동),1693,127.0707673919,37.4960890861,EX070200,기타체험관광,3432447,20241202141105
잠실,관광지,12,마루공원,서울특별시 강남구 일원동,1778,127.0808164645,37.4965531025,VE020100,테마파크,2752525,20250609135232
잠실,관광지,12,뚝섬한강공원 벽천마당,서울특별시 광진구 자양동,1992,127.0713164044,37.529151924,VE030100,시민공원,2756578,20250917153244
잠실,관광지,12,뚝섬한강공원,서울특별시 광진구 강변북로 2273 (자양동),2019,127.0739939307,37.5294186076,VE030100,시민공원,1030763,20251114153013
잠실,관광지,12,청담근린공원,서울특별시 강남구 청담동,2121,127.0526155502,37.5213524935,VE030100,시민공원,127269,20250327140022
잠실,관광지,12,클럽케이서울,서울특별시 강남구 선릉로 524 (삼성동),2236,127.0483691302,37.506684676,VE120300,기타문화시설,2782132,20250319191213
잠실,관광지,12,서울 삼전도비,서울특별시 송파구 삼학사로 136 (잠실동),2237,127.0978839997,37.5091158401,HS020100,탑ㆍ비석ㆍ기념탑,231897,20250721104930
잠실,관광지,12,서울 선릉과 정릉 [유네스코 세계유산],서울특별시 강남구 선릉로100길 1,2323,127.0471803291,37.5074206801,HS010800,"고분, 능",126525,20260105104127
잠실,관광지,12,우리유황온천,"서울특별시 광진구 자양로5길 33 (자양동, 와이엠프라젠스파)",2410,127.0841596279,37.5309880533,EX050100,온천 / 사우나 / 스파,2756589,20250331134545
잠실,관광지,12,롯데월드타워&롯데월드몰,서울특별시 송파구 올림픽로 300 (신천동),2793,127.1040749597,37.5141653654,VE010100,건물,2003909,20250414114039
잠실,관광지,12,롯데월드 아쿠아리움,서울특별시 송파구 올림픽로 300 (신천동),2793,127.1040749597,37.5141653654,VE020400,수족관 / 아쿠라리움,2476731,20250305112047
잠실,관광지,12,서울 석촌동 고분군,서울특별시 송파구 가락로7길 21 (석촌동),2850,127.1028642979,37.5022111756,HS010800,"고분, 능",127466,20250903183122
잠실,관광지,12,청담패션거리,서울특별시 강남구 청담동,2993,127.044316187,37.5255518567,VE040100,"골목길, 문화거리",1310950,20250327135258
잠실,관광지,12,역삼동성당,서울특별시 강남구 언주로85길 23-11 (역삼동),3027,127.0417060293,37.5002575249,HS030200,기독교,2733864,20250327111832
잠실,관광지,12,강변스파랜드,서울특별시 광진구 구의강변로 45 (구의동),3099,127.0913227521,37.5349377239,EX050200,찜질방,128961,20250328153350
잠실,관광지,12,법룡사,서울특별시 강남구 광평로31길 56 (수서동),3104,127.0883855136,37.4862044398,HS030100,불교,2757155,20251223143856
잠실,관광지,12,자양동 양꼬치거리 (중국음식문화거리),서울특별시 광진구 자양동,3333,127.0629835156,37.5402227106,VE040100,"골목길, 문화거리",2401757,20251223142246
잠실,관광지,12,향기억,서울특별시 강남구 선릉로157길 23 (신사동),3517,127.0379584155,37.5261572277,EX020400,기타공예체험,2946112,20251030153045
잠실,관광지,12,대모산도시자연공원,서울특별시 강남구 일원동,3538,127.081014136,37.4800522436,NA040500,생태관광지,1602451,20251230171206
잠실,관광지,12,역삼개나리공원,서울특별시 강남구 논현로79길 24 (역삼동),3585,127.0362843748,37.4976466191,VE030100,시민공원,2752545,20251223133624
잠실,관광지,12,성수연방,서울특별시 성동구 성수이로14길 14,3668,127.0568784737,37.5417140944,VE120300,기타문화시설,2745594,20251118153128
잠실,관광지,12,올림픽대교,서울특별시 송파구 신천동,3724,127.1053604352,37.532416047,VE010300,다리 / 대교,250131,20250305093353
잠실,관광지,12,한양공원,서울특별시 송파구 송파동 152,3878,127.1155492027,37.504063967,VE030100,시민공원,2758809,20250404135037
잠실,관광지,12,올림픽공원피크닉장,서울특별시 송파구 올림픽로 424 (방이동),3893,127.1150682209,37.5206092598,VE030100,시민공원,2761797,20250611104106
잠실,관광지,12,아모레 성수,서울특별시 성동구 아차산로11길 7,3900,127.0590698587,37.5446026871,EX070200,기타체험관광,2722936,20250814143500
잠실,관광지,12,스탈릿성수,서울특별시 성동구 아차산로 104 (성수동2가),4001,127.0554729674,37.5444943013,VE120300,기타문화시설,2850614,20250829131857
잠실,관광지,12,육영재단 어린이회관,서울특별시 광진구 광나루로 441,4002,127.0781902704,37.5470527467,EX070200,기타체험관광,2743740,20250316120453
잠실,관광지,12,서울 구의정수장 제1·2공장(구의 아리수 정수센터),서울특별시 광진구 광나루로 571 (구의동),4077,127.093080662,37.5442227879,EX061000,기타산업관광지,2452856,20251023143000
잠실,관광지,12,한강,서울특별시 성동구 강변북로 257,4141,127.0416216085,37.5389280323,NA020100,강,822861,20251118155108
잠실,관광지,12,키즈오토파크,서울특별시 광진구 능동로 216,4241,127.0762931559,37.5493607781,EX070200,기타체험관광,753850,20251117095534
잠실,관광지,12,아리수나라,서울특별시 광진구 능동로 216 (능동),4240,127.0762792676,37.5493552228,EX061000,기타산업관광지,2452842,20250917162102
잠실,관광지,12,강남,서울특별시 강남구 압구정로 161 (압구정동),4426,127.0270732739,37.5268958352,EX070200,기타체험관광,264570,20250604133052
잠실,관광지,12,광나루안전체험관,서울특별시 광진구 능동로 238,4463,127.077162465,37.5513105664,VE120300,기타문화시설,130938,20251218095953
잠실,관광지,12,서울숲 곤충식물원,서울특별시 성동구 뚝섬로 273 (성수동1가),4487,127.0418131384,37.5431247707,EX070200,기타체험관광,3442142,20250725094923
잠실,관광지,12,엘크레,서울특별시 강남구 도산대로15길 41,4542,127.0232182384,37.520935347,EX070200,기타체험관광,2592885,20251117172742
잠실,문화시설,14,백암아트홀,서울특별시 강남구 테헤란로113길 7,615,127.066031307,37.5103790088,VE060100,공연장,333121,20250708142538
잠실,문화시설,14,코엑스,서울특별시 강남구 영동대로 513,1220,127.0591541159,37.5117453937,VE070400,컨벤션센터,229901,20260105105049
잠실,문화시설,14,별마당도서관,서울특별시 강남구 영동대로 513,1222,127.0591318945,37.5118092746,VE090300,도서관,2507822,20251216161425
잠실,문화시설,14,포스코미술관,서울특별시 강남구 테헤란로 440,1607,127.056076785,37.505876575,VE070600,미술관/화랑,130226,20250418164428
잠실,문화시설,14,서울무역전시컨벤션센터(SETEC),서울특별시 강남구 남부순환로 3104,1716,127.0715423291,37.4958252427,VE070400,컨벤션센터,250469,20250903100736
잠실,문화시설,14,갤러리 서림,서울특별시 강남구 학동로 523,1790,127.0560652706,37.5201388076,VE070600,미술관/화랑,129927,20250813170041
잠실,문화시설,14,한생연 실험누리과학관,서울특별시 강남구 도곡로 408 (대치동),2252,127.0552604534,37.4966637406,VE070500,과학관,3080852,20251103113539
잠실,문화시설,14,국가무형유산전수교육관,서울특별시 강남구 봉은사로 406,2511,127.0446443698,37.5102008674,VE090400,문화전수시설,130198,20251023143000
잠실,문화시설,14,롯데콘서트홀,서울특별시 송파구 올림픽로 300 (신천동),2791,127.1040305171,37.5142459111,VE060100,공연장,3085149,20250813134310
잠실,문화시설,14,경기여고 경운박물관(서울),서울특별시 강남구 삼성로 29,2794,127.0656764529,37.4867511901,VE070100,박물관,2552251,20250617125202
잠실,문화시설,14,에스파스 루이비통 서울,서울특별시 강남구 압구정로 454 (청담동),2857,127.0462410086,37.5256657669,VE070600,미술관/화랑,3080501,20250418112908
잠실,문화시설,14,나루아트센터,서울특별시 광진구 능동로 76,2911,127.07043014,37.5374092825,VE060100,공연장,130699,20251229093621
잠실,문화시설,14,밀알미술관,서울특별시 강남구 일원로 90,2918,127.0823082922,37.4860793454,VE070600,미술관/화랑,130627,20251230173844
잠실,문화시설,14,예림당아트홀,서울특별시 강남구 언주로 337 (역삼동),2930,127.0443725181,37.4979911693,VE060100,공연장,1188653,20251127173904
잠실,문화시설,14,조은숙아트앤라이프스타일,서울특별시 강남구 압구정로80길 37 (청담동),2985,127.0435940627,37.5244297515,VE070600,미술관/화랑,3076665,20260102155349
잠실,문화시설,14,유 아트 스페이스,서울특별시 강남구 압구정로71길 10 (청담동),2997,127.0458771023,37.527434999,VE070600,미술관/화랑,130306,20250327155514
잠실,문화시설,14,CXC아트뮤지엄,서울특별시 광진구 아차산로 272 (자양동),3035,127.0729937617,37.5385953021,VE070300,전시관,2947987,20250814163144
잠실,문화시설,14,K현대미술관,서울특별시 강남구 선릉로 807 (신사동),3332,127.0391861299,37.5244324498,VE070600,미술관/화랑,2773265,20250731162712
잠실,문화시설,14,위니아트(건국대학교 새천년관 대공연장),서울특별시 광진구 능동로 120 (화양동),3377,127.0717965616,37.5416615911,VE060100,공연장,130259,20250917160241
잠실,문화시설,14,플랫폼엘,서울특별시 강남구 언주로133길 11 (논현동),3471,127.0343062531,37.5161638784,VE070300,전시관,2693507,20251023143000
잠실,문화시설,14,에스팩토리,서울특별시 성동구 연무장15길 11 (성수동2가),3647,127.0594809973,37.5423085165,VE070300,전시관,2745602,20251216164223
잠실,문화시설,14,국기원(세계태권도본부),서울특별시 강남구 테헤란로7길 32 (역삼동),3904,127.0302403356,37.5027681388,VE090400,문화전수시설,596511,20251117161019
잠실,문화시설,14,역삼도서관,서울특별시 강남구 역삼로7길 16 (역삼동),3937,127.0332430485,37.4953968261,VE090300,도서관,3423015,20251205142158
잠실,문화시설,14,논현문화마루도서관,서울특별시 강남구 논현로131길 40 (논현동),4077,127.0271208603,37.5139001229,VE090300,도서관,3432213,20241202114121
잠실,문화시설,14,갤러리JJ,서울특별시 강남구 압구정로30길 63 (신사동),4108,127.0291676299,37.5232962909,VE070600,미술관/화랑,2642151,20251029140238
잠실,문화시설,14,수도박물관,서울특별시 성동구 왕십리로 27 (성수동1가),4182,127.0422770776,37.5398807113,VE070100,박물관,2453996,20250318191405
잠실,문화시설,14,한성백제박물관,서울특별시 송파구 위례성대로 71 (방이동),4276,127.1206650789,37.5154988428,VE070100,박물관,1916296,20250707135703
잠실,문화시설,14,헬로우뮤지움,서울특별시 성동구 성수일로12길 20 (성수동2가),4459,127.053264729,37.5482271614,VE070600,미술관/화랑,2488585,20250611095537
잠실,문화시설,14,디뮤지엄,"서울특별시 성동구 왕십리로 83-21 (성수동1가, 아크로 서울포레스트)",4535,127.0432879644,37.5445357444,VE070100,박물관,2704340,20251028103940
잠실,문화시설,14,더페이지갤러리,"서울특별시 성동구 서울숲2길 32-14 (성수동1가, 갤러리아 포레)",4626,127.0432601616,37.5455245178,VE070600,미술관/화랑,736766,20250318191035
잠실,문화시설,14,더서울라이티움,"서울특별시 성동구 서울숲2길 32-14 (성수동1가, 갤러리아 포레)",4626,127.0432601616,37.5455245178,VE070300,전시관,2753089,20250527143353
잠실,문화시설,14,외교사료관,서울특별시 서초구 남부순환로 2572 (서초동),4800,127.0312796697,37.4836759292,VE070100,박물관,130156,20250918101304
잠실,문화시설,14,한전아트센터 공연장,서울특별시 서초구 효령로72길 60 (서초동),4891,127.0280882379,37.4856423108,VE060100,공연장,130315,20250415094112
잠실,문화시설,14,전기박물관,서울특별시 서초구 효령로72길 60 (서초동),4891,127.0280882379,37.4856423108,VE070100,박물관,130951,20250918110444
잠실,문화시설,14,한전갤러리,서울특별시 서초구 효령로72길 60,4923,127.0280576979,37.4851840297,VE070600,미술관/화랑,130301,20251205154848
잠실,음식점,39,알천생태찌개,서울특별시 송파구 백제고분로9길 6 (잠실동),653,127.0797356495,37.5091793947,FD010100,관광식당,2849599,20250918103540
잠실,음식점,39,생생아구,서울특별시 송파구 백제고분로7길 8-37 (잠실동),712,127.0802939404,37.5088683301,FD010100,관광식당,2845881,20250917131052
잠실,음식점,39,아메리칸테이블,서울특별시 강남구 영동대로112길 66 (삼성동),811,127.0657783968,37.5158589234,FD020300,서양식,2869452,20250707094136
잠실,음식점,39,늘푸른목장 잠실본점,서울특별시 송파구 백제고분로9길 34,889,127.0826548153,37.5096321728,FD010100,관광식당,2839940,20250912152351
잠실,음식점,39,스시유,서울특별시 강남구 영동대로 407 (대치동),979,127.0643565937,37.5056573049,FD020200,일식,2870464,20250707143802
잠실,음식점,39,이봉,서울특별시 강남구 테헤란로98길 28 (대치동),1032,127.0628233732,37.5065932798,FD010100,관광식당,2869692,20250707102450
잠실,음식점,39,아선재,서울특별시 강남구 영동대로 333 (대치동),1056,127.0648843641,37.5042047053,FD010100,관광식당,2870558,20250707145034
잠실,음식점,39,트레스드,서울특별시 송파구 백제고분로15길 50 (잠실동),1070,127.0847629512,37.5098294098,FD050100,카페,2810230,20250923181500
잠실,음식점,39,장수설렁탕해장국,서울특별시 송파구 백제고분로 148 호성빌딩,1112,127.0831298883,37.5055354345,FD010100,관광식당,2849256,20250115141047
잠실,음식점,39,연화산,서울특별시 강남구 테헤란로92길 11,1113,127.0613651527,37.5072959499,FD020100,중식,2542167,20250315120723
잠실,음식점,39,광양불고기본가,서울특별시 강남구 도곡로99길 16,1202,127.0660509898,37.5018994384,FD010100,관광식당,232271,20250409095316
잠실,음식점,39,부타이 1막,서울특별시 강남구 테헤란로88길 22 (대치동),1268,127.0600541909,37.5062238284,FD020200,일식,2870297,20250707141911
잠실,음식점,39,곰바위,서울특별시 강남구 영동대로115길 10 (삼성동),1313,127.0588318325,37.5149422384,FD010100,관광식당,133868,20250315120958
잠실,음식점,39,장인미역 잠실본점,서울특별시 송파구 삼전로 89 (잠실동),1563,127.0894515052,37.5065993136,FD010100,관광식당,2847075,20250924094524
잠실,음식점,39,부일갈매기,서울특별시 송파구 삼전로13길 4 (잠실동),1576,127.0899097756,37.5073436802,FD010100,관광식당,2849505,20250918102440
잠실,음식점,39,아야진생태찌개 본점,서울특별시 강남구 삼성로108길 8 (삼성동),1609,127.0547767344,37.5118369704,FD010100,관광식당,2870571,20251112161952
잠실,음식점,39,시골진지상,서울특별시 강남구 삼성로 535 (삼성동),1626,127.0546795824,37.5096677763,FD010100,관광식당,2870472,20250707144428
잠실,음식점,39,돈까스의집,서울특별시 송파구 삼전로 100 (삼전동),1654,127.0906986015,37.5070159544,FD020300,서양식,2843075,20250917102937
잠실,음식점,39,더원 레스토랑,서울특별시 강남구 영동대로 648 (삼성동),1665,127.0576901262,37.5200388484,FD020100,중식,2870024,20250707120033
잠실,음식점,39,반룡산,서울특별시 강남구 테헤란로78길 26,1689,127.0558212909,37.5045295045,FD010100,관광식당,2752373,20251125182517
잠실,음식점,39,길목,서울특별시 강남구 영동대로129길 10 (삼성동),1701,127.0564180465,37.5190778257,FD010100,관광식당,2870486,20250924111909
잠실,음식점,39,피양콩할마니,서울특별시 강남구 삼성로81길 30 (대치동),1752,127.0552546859,37.5041628703,FD010100,관광식당,2871203,20250707154913
잠실,음식점,39,스시히로바 삼성동본점,서울특별시 강남구 삼성로 620 (삼성동),1845,127.0526490603,37.5150171187,FD020200,일식,2869471,20250707094440
잠실,음식점,39,경천애인2237,서울특별시 강남구 테헤란로 421 (삼성동),1896,127.0525465458,37.5060431587,FD010100,관광식당,2855743,20250429103740
잠실,음식점,39,농민백암순대 본점,서울특별시 강남구 선릉로86길 40-4,1948,127.0530437877,37.5037600996,FD010100,관광식당,2752169,20251125175248
잠실,음식점,39,신의주찹쌀순대,서울특별시 강남구 영동대로 725,2010,127.05517084,37.5225301805,FD010100,관광식당,2833050,20251120101220
잠실,음식점,39,뽕나무쟁이 선릉본점,서울특별시 강남구 역삼로65길 31 (대치동),2055,127.0520161176,37.5032518068,FD010100,관광식당,2870343,20250707142326
잠실,음식점,39,아티초크0125,서울특별시 강남구 영동대로 736 aloft HOTELS,2067,127.0556763135,37.523796709,FD020300,서양식,2869403,20250315115741
잠실,음식점,39,뜨락,서울특별시 강남구 영동대로142길 13-3 (청담동),2125,127.0555679713,37.524466074,FD010100,관광식당,2845699,20250424105832
잠실,음식점,39,한티옥,서울특별시 강남구 도곡로 418 (대치동),2163,127.0562631303,37.4970109405,FD010100,관광식당,2870779,20250924112139
잠실,음식점,39,드럼통 참숯석쇠구이,서울특별시 송파구 삼학사로19길 3 (삼전동),2196,127.0965869906,37.5057550957,FD010100,관광식당,134793,20251119140517
잠실,음식점,39,군산오징어 본점,서울특별시 송파구 삼학사로 101,2216,127.0970258234,37.5063411468,FD010100,관광식당,2778425,20251204161722
잠실,음식점,39,잇쇼우,서울특별시 강남구 선릉로 524 (삼성동),2236,127.0483691302,37.506684676,FD020200,일식,3080912,20250924131944
잠실,음식점,39,스시 카이신(鮨海信),서울특별시 강남구 도산대로100길 12,2340,127.051754447,37.5238438553,FD020200,일식,2544497,20251118101046
잠실,음식점,39,우천식육식당 청담본점,서울특별시 강남구 도산대로94길 20,2350,127.0516377903,37.5238660728,FD010100,관광식당,2867828,20250626153803
잠실,음식점,39,돈족골,서울특별시 송파구 삼학사로 66 (석촌동),2364,127.0974536533,37.5031415259,FD010100,관광식당,2844953,20250924092832
잠실,음식점,39,흥부골숯불돼지왕갈비,서울특별시 송파구 백제고분로33길 35 (석촌동),2365,127.0985729204,37.5057884611,FD010100,관광식당,2847149,20250918091636
잠실,음식점,39,잡어향기,서울특별시 강남구 압구정로79길 73-4 (청담동),2420,127.0531014785,37.5262408234,FD010100,관광식당,2867451,20250502150215
잠실,음식점,39,어가,서울특별시 송파구 송파대로49길 48,2447,127.0996811393,37.5062689807,FD010100,관광식당,2849605,20250121101356
잠실,음식점,39,일등추어탕 선릉본점,서울특별시 강남구 선릉로 555 선릉빌딩,2517,127.044838858,37.5080400105,FD010100,관광식당,2869810,20250626154035
잠실,숙박,32,잠실 상주호텔,서울특별시 송파구 올림픽로8길 19 (잠실동),697,127.0805716573,37.510126522,AC040100,모텔,2541308,20251024135136
잠실,숙박,32,Goldlady's House,서울특별시 송파구 올림픽로 99,812,127.0816103603,37.5133567215,AC060200,게스트하우스,2619965,20250915132324
잠실,숙박,32,신라스테이 삼성,서울특별시 강남구 영동대로 506 (삼성동),872,127.063192688,37.5099623394,AC010100,호텔,3464974,20250417103107
잠실,숙박,32,스윗 서울,서울특별시 송파구 올림픽로12길 48-1,1035,127.0834381418,37.5073574508,AC060200,게스트하우스,2620049,20251023143000
잠실,숙박,32,그랜드 인터컨티넨탈 서울 파르나스,서울특별시 강남구 테헤란로 521,1081,127.0608845757,37.5095984514,AC010100,호텔,142769,20251212100430
잠실,숙박,32,오크우드 프리미어 코엑스 센터,서울특별시 강남구 테헤란로87길 46 (삼성동),1302,127.0582208886,37.511034348,AC010100,호텔,2008490,20251124164237
잠실,숙박,32,이비스 스타일 앰배서더 서울 강남,서울특별시 강남구 삼성로 431,1556,127.0571044899,37.505154455,AC010100,호텔,143122,20251027165924
잠실,숙박,32,24게스트하우스(서울 잠실점) (24게스트하우스 잠실점),서울특별시 송파구 백제고분로22길 5,1711,127.0894099336,37.5033830197,AC060200,게스트하우스,2666403,20241126102932
잠실,숙박,32,Tina`s Homestay,서울특별시 송파구 삼학사로19길 17,2075,127.0952287768,37.5059050538,AC060200,게스트하우스,2576334,20250915133613
잠실,숙박,32,호텔리베라 청담,서울특별시 강남구 영동대로 737,2165,127.0543430983,37.523918893,AC010100,호텔,142764,20251117141608
잠실,숙박,32,롯데호텔 월드,서울특별시 송파구 올림픽로 240 (잠실동),2205,127.0976311526,37.5123821225,AC010100,호텔,142766,20251113183011
잠실,숙박,32,야코리아호스텔 강남점,서울특별시 강남구 테헤란로43길 19,2688,127.0437640507,37.5046598283,AC060200,게스트하우스,2610854,20251023143000
잠실,숙박,32,리버사이드게스트하우스,서울특별시 광진구 뚝섬로 702-4,2734,127.0873259497,37.5329878783,AC060200,게스트하우스,2650639,20241126103754
잠실,숙박,32,시그니엘 서울,서울특별시 송파구 올림픽로 300 (신천동),2793,127.1040749597,37.5141653654,AC010100,호텔,3464755,20250409085043
잠실,숙박,32,호텔스타프리미어 역삼,서울특별시 강남구 테헤란로33길 6-11 (역삼동),3040,127.040347749,37.5027599872,AC010100,호텔,3080820,20251103112604
잠실,숙박,32,트리아 관광호텔,서울특별시 강남구 테헤란로33길 16,3113,127.0394283837,37.5029266183,AC010100,호텔,136249,20251027170507
잠실,숙박,32,호텔디아티스트,서울특별시 강남구 테헤란로29길 11 (역삼동),3207,127.038497926,37.5024544344,AC040100,모텔,3080814,20251104113835
잠실,숙박,32,딜라이트 호텔,서울특별시 송파구 오금로11길 21-9 (방이동),3275,127.1093272239,37.5154403121,AC010100,호텔,2504658,20251112173827
잠실,숙박,32,스테이보리,서울특별시 성동구 성수이로16길 48 (성수동2가),3312,127.0614836687,37.5396616376,AC060200,게스트하우스,3533004,20250922122523
잠실,숙박,32,호텔 카푸치노,서울특별시 강남구 봉은사로 155 (논현동),3707,127.0315123236,37.5069537864,AC010100,호텔,2602777,20250418171529
잠실,숙박,32,강남스테이힐(Gangnam Stay Hill),서울특별시 강남구 테헤란로13길 65,3898,127.0301236613,37.5034291706,AC060200,게스트하우스,2574118,20250919163535
잠실,숙박,32,노보텔 앰배서더 서울 강남,서울특별시 강남구 봉은사로 130 (역삼동),3962,127.0289098282,37.5053372605,AC010100,호텔,142721,20251224170119
잠실,숙박,32,포포인츠 바이 쉐라톤 서울 강남,서울특별시 강남구 도산대로 203 (신사동),4068,127.0285344377,37.5203577318,AC010100,호텔,3465100,20250411090801
잠실,숙박,32,서울올림픽파크텔,서울특별시 송파구 올림픽로 448 (방이동),4072,127.1165319275,37.522334086,AC060100,유스호스텔,136039,20251215094157
잠실,숙박,32,게스트하우스강남,서울특별시 강남구 압구정로34길 33,4079,127.030900726,37.5261154387,AC060200,게스트하우스,2607620,20250919171742
잠실,숙박,32,빅 존스 플레이스,서울특별시 강남구 강남대로110길 31-1,4121,127.0273600035,37.5041457045,AC060200,게스트하우스,2610892,20241126152611
잠실,숙박,32,안다즈 서울 강남,서울특별시 강남구 논현로 854 (신사동),4212,127.0288814863,37.5253738224,AC010100,호텔,3466079,20250409091011
잠실,숙박,32,K-그랜드 호스텔 강남 1(K-GRAND HOSTEL GANGNAM1),서울특별시 강남구 강남대로112길 11,4277,127.0252740414,37.5055705015,AC060200,게스트하우스,2666430,20241126103625
잠실,숙박,32,보코 서울 강남,서울특별시 강남구 도산대로 144 (논현동),4350,127.0246265322,37.5178162906,AC010100,호텔,3465527,20250729091830
잠실,숙박,32,토요코인호텔 강남,서울특별시 서초구 강남대로 323 (서초동),4374,127.0299906645,37.4919277261,AC010100,호텔,3084395,20251120133015
잠실,숙박,32,강남아르누보씨티호텔,서울특별시 서초구 서초대로74길 49 (서초동),4438,127.0281518997,37.4934664031,AC010100,호텔,2650614,20250516150445
잠실,숙박,32,오클라우드호텔,서울특별시 서초구 사평대로58길 12 오클라우드 호텔,4462,127.0237186979,37.5030929836,AC010100,호텔,2814165,20250122144602
잠실,숙박,32,리틀포레한강,서울특별시 성동구 왕십리로8길 19-5 (성수동1가),4533,127.0468348118,37.5463689287,AC030400,홈스테이,3532633,20250921215137
잠실,숙박,32,힐튼 가든 인 서울 강남,서울특별시 서초구 강남대로 253 (서초동),4535,127.0327822456,37.4859840219,AC010100,호텔,3465128,20250411090950
잠실,숙박,32,디에이치 성수포레,서울특별시 성동구 왕십리로8길 17-5 (성수동1가),4551,127.0466098296,37.54644947,AC060200,게스트하우스,3533001,20250922122407
잠실,숙박,32,엘스테이(Gangnam AN guesthouse),서울특별시 서초구 사평대로53길 8-3,4571,127.0220687977,37.5048705253,AC060200,게스트하우스,2570692,20251023143000
잠실,숙박,32,더리버사이드 호텔,서울특별시 서초구 강남대로107길 6,4940,127.0180965434,37.5187882827,AC010100,호텔,984650,20251027135316
잠실,숙박,32,호텔아르누보서초,서울특별시 서초구 서초대로 357 (서초동),4945,127.0204969632,37.4962215019,AC010100,호텔,3084394,20251031135710
잠실,숙박,32,티롤관광호텔,서울특별시 서초구 나루터로 64,4981,127.0170467416,37.515160907,AC010100,호텔,2573604,20250922173928
잠실,숙박,32,하우스 오브 카멜리아,서울특별시 광진구 용마산로2길 8-12 (중곡동),5010,127.0891140651,37.5544659713,AC060200,게스트하우스,3533149,20250922192450
고척,관광지,12,갈산공원,서울특별시 양천구 신정동 162-56,778,126.8684105358,37.5061176314,VE030400,근린공원,1116925,20250624100230
고척,관광지,12,개봉유수지 생태공원,서울특별시 구로구 개봉동,819,126.8632141714,37.4924524597,VE030100,시민공원,2591792,20251029164119
고척,관광지,12,구로기계공구단지,서울특별시 구로구 구로중앙로 197 (구로동),1158,126.8785568966,37.5038652961,VE050100,관광단지,2591803,20250316162843
고척,관광지,12,양천구어린이교통안전교육장,서울특별시 양천구 목동남로 106-23 (신정동),1215,126.8700352822,37.5098672244,EX070200,기타체험관광,1105980,20250404164219
고척,관광지,12,여계묘역,서울특별시 구로구 고척동,1315,126.8560838482,37.5073006073,HS010800,"고분, 능",2591819,20250917132025
고척,관광지,12,고척근린공원,서울특별시 구로구 고척로45길 39 (고척동),1460,126.8533341175,37.5066367467,VE030400,근린공원,2591797,20250331150223
고척,관광지,12,양천해누리체육공원,서울특별시 양천구 신정동,1473,126.8723127996,37.5117531568,VE030500,주제공원,2751345,20251029211155
고척,관광지,12,디큐브시티 해바라기 공원,서울특별시 구로구 경인로 624 (신도림동),1823,126.8854062045,37.5062901367,NA050100,기타자연관광,3448217,20250730111351
고척,관광지,12,신트리공원(서울),서울특별시 양천구 신정동,1947,126.8565141583,37.5146525388,VE030500,주제공원,2611887,20251023143000
고척,관광지,12,구로거리공원,서울특별시 구로구 공원로 73-1 (구로동),1956,126.8883643588,37.5030794513,NA050100,기타자연관광,3447964,20250731112145
고척,관광지,12,양천생활안전체험교육관,서울특별시 양천구 목동서로 363 (신정동),1970,126.8637439953,37.5167801982,EX070200,기타체험관광,2611575,20250407100812
고척,관광지,12,고척동 고인돌,서울특별시 구로구 고척동,2030,126.8473068338,37.5086169645,HS011000,선사유적지,2591799,20250331145136
고척,관광지,12,구로근린공원(이씨레물리노공원),서울특별시 구로구 가마산로25길 21 (구로동),2066,126.889992154,37.4971718329,VE030400,근린공원,2591829,20250331155037
고척,관광지,12,오류동역 광장,서울특별시 구로구 오류동,2086,126.8440130701,37.4950518158,VE030500,주제공원,2778135,20250331144445
고척,관광지,12,거리공원,서울특별시 구로구 구로동,2198,126.8916141621,37.4995521419,VE030100,시민공원,2733966,20251029163621
고척,관광지,12,삼각어린이공원,서울특별시 구로구 구로동,2247,126.8920140718,37.5014519273,VE030100,시민공원,2773287,20251029163143
고척,관광지,12,국제음식문화거리(INTERNATIONAL FOOD STREET),서울특별시 구로구 새말로 102,2301,126.8914195585,37.5058319638,VE040100,"골목길, 문화거리",2591805,20250610102113
고척,관광지,12,구로공단 노동자생활체험관,서울특별시 금천구 벚꽃로44길 17 (가산동),2348,126.8836486898,37.4828567166,EX061000,기타산업관광지,2553960,20250331165107
고척,관광지,12,신도림테크노근린공원,서울특별시 구로구 새말로 107-32 (구로동),2353,126.8908862075,37.5081705717,NA050100,기타자연관광,3447960,20241222223427
고척,관광지,12,구로리어린이공원,서울특별시 구로구 구로중앙로 13 (구로동),2380,126.8918449243,37.4914308667,VE030100,시민공원,2733981,20250610101223
고척,관광지,12,온수공원,서울특별시 구로구 고척로21나길 103 (개봉동),2435,126.8397382631,37.5020481486,VE030100,시민공원,814255,20250610101729
고척,관광지,12,온수도시자연공원(잣절공원),서울특별시 구로구 고척로21나길 103 (개봉동),2435,126.8397382631,37.5020481486,NA040500,생태관광지,2591824,20251029162840
고척,관광지,12,양천나눔누리타운,서울특별시 양천구 중앙로 250 (신정동),2483,126.8537642877,37.5189547671,EX070200,기타체험관광,2611669,20251223110728
고척,관광지,12,안양천 사계절 테마원,서울특별시 양천구 신정동,2595,126.8787480766,37.5205772468,VE030100,시민공원,2612095,20250319191444
고척,관광지,12,대림동 차이나타운,서울특별시 영등포구 대림동,2823,126.8975138236,37.4924530714,VE040100,"골목길, 문화거리",2402981,20250827165120
고척,관광지,12,안양천제방벚꽃길,서울특별시 영등포구 양평동1가,3087,126.8812144059,37.524551829,NA050100,기타자연관광,2774291,20250918094114
고척,관광지,12,장수공원(열녀문),서울특별시 양천구 신월동,3125,126.8476147422,37.5227542163,VE030100,시민공원,2611601,20250624095458
고척,관광지,12,오목공원,서울특별시 양천구 목동서로 159-2 (목동),3213,126.873642787,37.5276541111,VE030100,시민공원,2611735,20250305171815
고척,관광지,12,연의근린공원,서울특별시 양천구 신정이펜1로 12 (신정동),3221,126.8342218274,37.511749701,VE030400,근린공원,2611679,20250731095100
고척,관광지,12,양천구 로데오거리,서울특별시 양천구 목동로25길 23 (신정동),3230,126.861474442,37.5279899658,VE040100,"골목길, 문화거리",2612107,20250624095916
고척,관광지,12,문래예술공장,서울특별시 영등포구 경인로88길 5-4,3344,126.900160219,37.5132812541,VE120300,기타문화시설,2650230,20251105110218
고척,관광지,12,궁동저수지 생태공원,서울특별시 구로구 궁동,3348,126.8293197915,37.5012175047,NA040500,생태관광지,2591809,20251203112954
고척,관광지,12,대림어린이공원,서울특별시 영등포구 대림로 106 (대림동),3352,126.9032244523,37.491122772,VE030300,어린이공원,2753103,20250306133844
고척,관광지,12,도덕산공원,경기도 광명시 광명동,3360,126.8577153055,37.4698522089,VE030100,시민공원,2736048,20250904135456
고척,관광지,12,천왕근린공원,서울특별시 구로구 천왕동,3369,126.8418082369,37.4764678238,VE030400,근린공원,2591838,20250319193308
고척,관광지,12,음식문화특화거리(깔깔거리),서울특별시 구로구 디지털로32길 97-21,3466,126.9008665369,37.4838874594,VE040100,"골목길, 문화거리",2591826,20250316161439
고척,관광지,12,정선옹주 묘역,서울특별시 구로구 궁동,3489,126.8278087964,37.502003497,HS010800,"고분, 능",2591833,20251203113650
고척,관광지,12,류순정·류홍 부자 묘역,서울특별시 구로구 오류동,3533,126.8293840248,37.4887161799,HS010800,"고분, 능",2591813,20250316144317
고척,관광지,12,금천예술공장,서울특별시 금천구 범안로15길 57,4038,126.8919733235,37.4688834875,EX061000,기타산업관광지,2553946,20250316194748
고척,관광지,12,이탈리아 의무부대 6·25전쟁 참전기념비,서울특별시 영등포구 신길로 190 (신길동),4077,126.91106212,37.5091235992,HS020100,탑ㆍ비석ㆍ기념탑,1835206,20250410154448
고척,문화시설,14,양천구 갈산도서관,서울특별시 양천구 목동남로4길 48-6,1076,126.8673577758,37.5088978449,VE090300,도서관,2611626,20250407103056
고척,문화시설,14,양천문화원,서울특별시 양천구 목동남로 106 (신정동),1326,126.8702130163,37.510856002,VE090100,한국문화원,130215,20250305150104
고척,문화시설,14,서울특별시교육청 융합과학교육원 남부분원,서울특별시 구로구 구로중앙로27나길 21 (구로동),1664,126.8853287058,37.4966190367,VE070300,전시관,2751303,20250917181345
고척,문화시설,14,양천구 역사홍보관,서울특별시 양천구 목동동로 81 (신정동),1886,126.8638773374,37.5160302875,VE070300,전시관,2612093,20250319185905
고척,문화시설,14,양천구 영어특성화도서관,서울특별시 양천구 목동동로 81 (신정동),1886,126.8638773374,37.5160302875,VE090300,도서관,2616589,20250407104122
고척,문화시설,14,구로꿈나무장난감나라 오류점,서울특별시 구로구 경인로20가길 38 (오류동),1901,126.8460489851,37.495410143,VE070300,전시관,2591885,20250917180156
고척,문화시설,14,양천문화회관,서울특별시 양천구 목동서로 367,1940,126.8633162653,37.5164580059,VE060100,공연장,1113537,20250407105127
고척,문화시설,14,갤러리 구루지,서울특별시 구로구 가마산로25길 21,2018,126.8894255436,37.4970135079,VE070600,미술관/화랑,2591878,20250316125335
고척,문화시설,14,서울특별시교육청 구로도서관,서울특별시 구로구 공원로 15 시립구로도서관,2220,126.8918613884,37.4985994791,VE090300,도서관,130771,20251113141539
고척,문화시설,14,구로미래도서관,서울특별시 구로구 새말로 111 (구로동),2352,126.891477852,37.5070512677,VE090300,도서관,3455122,20241220131009
고척,문화시설,14,한생연 생명과학박물관,서울특별시 양천구 목동동로 206-1 (목동),2786,126.8720291483,37.5239767319,VE070100,박물관,2760301,20260105113536
고척,문화시설,14,신월음악도서관,서울특별시 양천구 오목로5길 34 (신월동),3704,126.8401042589,37.5247705145,VE090300,도서관,2611675,20251204133019
고척,문화시설,14,영등포문화원,서울특별시 영등포구 신길로 275 (영등포동),4454,126.9122840318,37.5162061316,VE090100,한국문화원,130378,20250315145142
고척,문화시설,14,서울특별시교육청 영등포평생학습관,서울특별시 영등포구 버드나루로15길 10,4668,126.9073230952,37.5260548983,VE090300,도서관,130779,20251212185752
고척,음식점,39,실크로드,서울특별시 구로구 경인로 398 (고척동),313,126.8643528209,37.4972685872,FD020100,중식,2852962,20250918112938
고척,음식점,39,송림가,서울특별시 구로구 경인로 398,331,126.864405601,37.4969991747,FD010100,관광식당,323408,20250316125154
고척,음식점,39,비마이피스,서울특별시 구로구 구일로10길 27 (구로동),694,126.873257612,37.4955911628,FD050100,카페,3457554,20250724154222
고척,음식점,39,가마솥밥상 철산본점,경기도 광명시 안양천로 459 (철산동),1216,126.8695942571,37.4884752575,FD010100,관광식당,2736051,20250424182557
고척,음식점,39,정인면옥평양냉면,경기도 광명시 목감로268번길 27-1 (광명동),2015,126.856703918,37.4830006642,FD010100,관광식당,2830164,20250424173619
고척,음식점,39,히노야마,서울특별시 양천구 목동서로 349 (신정동),2030,126.8653216097,37.5174607031,FD020200,일식,2852774,20250924105540
고척,음식점,39,신도림전주관,서울특별시 구로구 새말로 97 신도림테크노마트,2252,126.8902418521,37.5070956849,FD010100,관광식당,2836621,20250903160355
고척,음식점,39,억조1978,서울특별시 양천구 목동동로10길 24 (신정동),2295,126.8723625797,37.5194161562,FD010100,관광식당,2852826,20250918112232
고척,음식점,39,원두막,서울특별시 양천구 신목로 56,2360,126.8729680663,37.519907777,FD010100,관광식당,2850949,20250120113145
고척,음식점,39,살구나무집 칼국수,서울특별시 양천구 중앙로32길 35 (신정동),2405,126.8575722574,37.5195519881,FD010100,관광식당,2852902,20250918112653
고척,음식점,39,가족천하 본점,서울특별시 영등포구 가마산로 330 (대림동),2618,126.8963415265,37.4989023017,FD010100,관광식당,2854328,20250306095827
고척,음식점,39,한본삼계탕,경기도 광명시 오리로854번길 16-15 (철산동),2758,126.869300233,37.4744379938,FD010100,관광식당,2830269,20250424173814
고척,음식점,39,능이버섯백숙,서울특별시 영등포구 선유로 32,2763,126.8888722596,37.5168111987,FD010100,관광식당,2851611,20250110154320
고척,음식점,39,영일분식,서울특별시 영등포구 도림로141가길 34-1 (문래동4가),2781,126.889694419,37.516369598,FD030400,김밥 분식,1985338,20250306102342
고척,음식점,39,소문난식당,서울특별시 영등포구 도림로141가길 32-1 (문래동4가),2787,126.8899027363,37.5162668351,FD010100,관광식당,2782928,20250801103932
고척,음식점,39,골목집,서울특별시 영등포구 도림로125길 34 (문래동2가),2806,126.8931053057,37.5133061252,FD010100,관광식당,2782825,20250807150820
고척,음식점,39,가산물갈비&백년불고기,서울특별시 금천구 가산디지털1로 128 에스티엑스브이타워,2857,126.8837682791,37.4773045854,FD010100,관광식당,2836567,20250903160052
고척,음식점,39,매일낙지,서울특별시 영등포구 경인로78길 3-16,2898,126.8953829154,37.5119118844,FD010100,관광식당,2783104,20250728144741
고척,음식점,39,민속돌솥설렁탕,서울특별시 영등포구 가마산로 366-1 (대림동),2910,126.8995495059,37.5011104349,FD010100,관광식당,2855151,20250919092244
고척,음식점,39,월래순교자관,서울특별시 구로구 디지털로19길 13 (가리봉동),2924,126.8898287532,37.480326565,FD020100,중식,2834475,20250829142435
고척,음식점,39,값진식육,서울특별시 영등포구 선유로 58-4 (문래동3가),2995,126.8896998979,37.5190803938,FD010100,관광식당,2851590,20250918110106
고척,숙박,32,롯데시티호텔 구로,서울특별시 구로구 디지털로 300,3073,126.8966252225,37.4850844673,AC010100,호텔,2505908,20251210142948
고척,숙박,32,스테이 공간,서울특별시 영등포구 선유서로25길 18-7 (양평동2가),3239,126.8839197022,37.5250101572,AC060200,게스트하우스,3533139,20250922125010
고척,숙박,32,이사벨관광호텔,서울특별시 금천구 가산로 50 (독산동),4087,126.8975255154,37.4717554753,AC040100,모텔,3085303,20250806162824
고척,숙박,32,하이서울유스호스텔,서울특별시 영등포구 영신로 200 (영등포동7가),4301,126.9026707626,37.5253021252,AC060100,유스호스텔,1190304,20251106133553
고척,숙박,32,라이프스타일 F호텔,서울특별시 영등포구 경인로108길 8,4417,126.9112341004,37.5171809991,AC040100,모텔,509241,20251030132649
고척,숙박,32,Sweet Home Seoul,서울특별시 영등포구 영중로 145,4779,126.9049204352,37.5296488819,AC060200,게스트하우스,2624028,20250915133206
고척,숙박,32,호텔로프트,서울특별시 영등포구 선유동2로 72 (당산동5가),4851,126.8987486333,37.5347009629,AC010100,호텔,3085020,20251120134706
고척,숙박,32,메리어트 이그제큐티브 아파트먼트 서울 여의도,서울특별시 영등포구 여의대로 8 (여의도동),5209,126.9186194232,37.5212667678,AC010100,호텔,1327006,20251023182945
고척,숙박,32,진스테이,서울특별시 양천구 목동중앙북로22길 3-14 (목동),5291,126.8773169314,37.5461464719,AC060200,게스트하우스,3533135,20250924131254
고척,숙박,32,안녕 올라 서울,서울특별시 관악구 남부순환로160길 37 (신림동),5318,126.9226062834,37.4817547619,AC060200,게스트하우스,3533141,20250922125223
고척,숙박,32,라우펜스테이,"서울특별시 금천구 독산로44길 29 (시흥동, 인경스마트빌딩)",5476,126.9063500049,37.4613235109,AC060200,게스트하우스,3532906,20250922120627
고척,숙박,32,오케이 게스트하우스,서울특별시 동작구 알마타길 21-18,5586,126.9278105264,37.5115569487,AC060200,게스트하우스,2572933,20241212095505
고척,숙박,32,콘래드 서울,서울특별시 영등포구 국제금융로 10 (여의도동),6078,126.9266241202,37.5258580443,AC010100,호텔,1853800,20251023143000
고척,숙박,32,페어몬트 앰배서더 서울(Fairmont Ambassador Seoul),서울특별시 영등포구 여의대로 108,6216,126.92832674,37.5259691729,AC010100,호텔,2721755,20251027173104
고척,숙박,32,회랑정,서울특별시 강서구 공항대로53나길 6-9,6237,126.8595266354,37.5550895591,AC060200,게스트하우스,2610960,20251023143000
고척,숙박,32,Cozy Lodge,서울특별시 관악구 성현로 80,7602,126.9515978613,37.489801568,AC060200,게스트하우스,2573944,20250915132016
고척,숙박,32,애플트리(Apple tree)(애플트리게스트하우스),서울특별시 마포구 월드컵로20길 41-5,7636,126.9111996144,37.5581512374,AC060200,게스트하우스,2570447,20251023143000
고척,숙박,32,니트하우스,서울특별시 마포구 양화로15안길 7,7673,126.9190017894,37.5543268216,AC060200,게스트하우스,2700281,20241126115309
고척,숙박,32,인 게스트하우스,서울특별시 마포구 성미산로1길 68,7704,126.9066971708,37.5608619529,AC060200,게스트하우스,2609911,20251023143000
고척,숙박,32,나인브릭호텔,서울특별시 마포구 홍익로5길 32 (서교동),7716,126.920584992,37.5538352404,AC010100,호텔,2918636,20250520111150
고척,숙박,32,퀸하우스,서울특별시 마포구 동교로 153-5 (서교동),7805,126.9188489813,37.5558905261,AC060200,게스트하우스,3533163,20251023143000
고척,숙박,32,아만티호텔서울,서울특별시 마포구 월드컵북로 31 (서교동),7915,126.9187184009,37.5571903727,AC010100,호텔,2917245,20250520152506
고척,숙박,32,롯데호텔 L7홍대,서울특별시 마포구 양화로 141 롯데호텔 L7홍대,7949,126.9216848363,37.5558072531,AC010100,호텔,2907142,20250403095823
고척,숙박,32,머큐어 앰배서더 서울 홍대,서울특별시 마포구 양화로 144 (동교동),7953,126.922409782,37.5553962029,AC010100,호텔,2917226,20250520110502
고척,숙박,32,홍대스타일 게스트하우스,서울특별시 마포구 월드컵북로4길 23-3,8055,126.9207848692,37.5575487011,AC060200,게스트하우스,2699359,20241127155209
고척,숙박,32,Sweet Dream House,"서울특별시 강서구 남부순환로9길 13-9 (공항동, 하우스 공감)",8185,126.8105893624,37.5575578443,AC030400,홈스테이,3532718,20250921222130
고척,숙박,32,헤이마 게스트하우스,서울특별시 마포구 와우산로29마길 15-7,8196,126.9268482681,37.5553074035,AC060200,게스트하우스,2612215,20251023143000
고척,숙박,32,어반우드,서울특별시 마포구 와우산로29마길 5,8231,126.9268538117,37.5557184671,AC060200,게스트하우스,2576511,20251023143000
고척,숙박,32,나비호스텔,서울특별시 마포구 양화로 177-1,8313,126.9247400491,37.5580626011,AC060200,게스트하우스,2607806,20241126113903
고척,숙박,32,앤드류 게스트하우스,"서울특별시 마포구 와우산로29길 56-9 (서교동, 홍익예림빌라)",8314,126.927212092,37.5564489442,AC060200,게스트하우스,3533142,20250922125439
고척,숙박,32,준하우스1,서울특별시 마포구 동교로 211-9 (동교동),8326,126.9230318384,37.5592568765,AC060200,게스트하우스,3533144,20250922125722
고척,숙박,32,준하우스2,서울특별시 마포구 동교로 211-9 (동교동),8326,126.9230318384,37.5592568765,AC060200,게스트하우스,3533145,20250922125730
고척,숙박,32,AT 30,서울특별시 마포구 양화로19길 22-13,8364,126.9242872892,37.5589208267,AC060200,게스트하우스,2607446,20250915130858
고척,숙박,32,준하우스3,서울특별시 마포구 월드컵북로6길 84 (동교동),8374,126.9226346304,37.5600345566,AC060200,게스트하우스,3533146,20250922185023
고척,숙박,32,홀리데이 인 익스프레스 서울 홍대,서울특별시 마포구 양화로 188 (동교동),8389,126.9265121176,37.557798775,AC010100,호텔,3076726,20251106151235
고척,숙박,32,Jeong's family(정스패밀리),서울특별시 용산구 효창원로8길 16,8412,126.9512744357,37.5335103739,AC060200,게스트하우스,2568938,20250915132859
고척,숙박,32,와이즈하우스,서울특별시 마포구 월드컵북로6길 89-9,8418,126.9225040709,37.5606011548,AC060200,게스트하우스,2651924,20251023143000
고척,숙박,32,Y's house,서울특별시 마포구 월드컵북로6길 89-9,8418,126.9225040709,37.5606011548,AC060200,게스트하우스,2651936,20241126104141
고척,숙박,32,정스패밀리,서울특별시 용산구 효창원로8길 16,8431,126.9512744253,37.5338797749,AC060200,게스트하우스,2706777,20241222174436
고척,숙박,32,지구하임 홍대점,서울특별시 마포구 동교로 224 (동교동),8441,126.9240678359,37.5599318162,AC030400,홈스테이,3532697,20250921221417
문학,관광지,12,인천도호부관아,인천광역시 미추홀구 매소홀로 553,1007,126.6823626896,37.439472072,HS010100,고궁,129341,20250523103503
문학,관광지,12,장미공원,인천광역시 연수구 연수동,1781,126.6778301185,37.4269095623,VE030100,시민공원,2767614,20250902170745
문학,관광지,12,인천애뜰,인천광역시 남동구 정각로 29 (구월동),2298,126.7060989801,37.4550873442,VE120300,기타문화시설,3457765,20250730095456
문학,관광지,12,인천업사이클에코센터,"인천광역시 미추홀구 매소홀로290번길 7 (학익동, 인천 업사이클 에코센터)",3443,126.6553344944,37.4432128271,VE120300,기타문화시설,3432261,20241202120023
문학,관광지,12,수봉공원,인천광역시 미추홀구 수봉안길 84 (숭의동),3675,126.6633083041,37.4598832531,VE030100,시민공원,127544,20251106111121
문학,관광지,12,용화선원(인천),인천광역시 미추홀구 주염로 43,3754,126.6822979649,37.4697518861,HS030100,불교,1617959,20251111174111
문학,관광지,12,흥륜사(인천),인천광역시 연수구 청량로70번길 40-18 (동춘동),3785,126.659251542,37.4166243183,HS030100,불교,1231032,20250523103841
문학,관광지,12,약사사(인천),인천광역시 남동구 풀무로 48,4231,126.7128701186,37.4718466279,HS030100,불교,127448,20250526164548
문학,문화시설,14,인천광역시 중앙도서관,인천광역시 남동구 정각로 9,2301,126.7031103304,37.4562843746,VE090300,도서관,130754,20251121143428
문학,문화시설,14,틈문화창작지대,인천광역시 미추홀구 미추홀대로 691,2739,126.6796929393,37.4592363955,VE070300,전시관,2768192,20250317111527
문학,문화시설,14,송암박두성기념관,인천광역시 미추홀구 한나루로357번길 105-19 (학익동),3315,126.6560401258,37.4381689811,VE070200,기념관,3448312,20241223100340
문학,문화시설,14,인천통일관,인천광역시 미추홀구 수봉안길 84 (숭의동),3675,126.6633083041,37.4598832531,VE070300,전시관,130741,20260102133319
문학,문화시설,14,인천수봉문화회관,인천광역시 미추홀구 수봉안길 78,3869,126.6622472444,37.4615191552,VE060100,공연장,129738,20250317140256
문학,문화시설,14,은율탈춤전수관,인천광역시 미추홀구 수봉안길 78,3869,126.6622472444,37.4615191552,VE090400,문화전수시설,130202,20250902190101
문학,문화시설,14,인하대학교 박물관,인천광역시 미추홀구 인하로 100,4042,126.6514818413,37.4513923645,VE070100,박물관,1617908,20250317134424
문학,문화시설,14,아트플러그 연수,인천광역시 연수구 청량로101번길 33,4140,126.654263104,37.4167547711,VE070300,전시관,2833492,20250527181958
문학,문화시설,14,범패민속문화박물관,인천광역시 미추홀구 경인로70번길 11-13,4841,126.6512259372,37.4647824704,VE070100,박물관,2551435,20250317131958
문학,음식점,39,가마솥손두부,인천광역시 미추홀구 소성로326번길 4 (문학동),882,126.683390429,37.437480655,FD010100,관광식당,135696,20251113131604
문학,음식점,39,라온,인천광역시 남동구 성말로32번길 6-1,1293,126.703907792,37.44507458,FD050100,카페,2861966,20250114162252
문학,음식점,39,유노미,인천광역시 남동구 성말로 43 (구월동),1420,126.705543747,37.4453190253,FD020300,서양식,2809791,20251023143000
문학,음식점,39,취홍,인천광역시 남동구 예술로192번길 25,1797,126.7029438172,37.451329392,FD020100,중식,600651,20251120184232
문학,음식점,39,고려한방삼계탕,인천광역시 미추홀구 인주대로 404,1873,126.681423565,37.4510373781,FD010100,관광식당,602125,20251028135540
문학,음식점,39,만복짬뽕집,인천광역시 미추홀구 학익소로63번길 23 (학익동),1980,126.6718163643,37.4417938382,FD020100,중식,2873360,20250708112427
문학,음식점,39,개성손만두,인천광역시 미추홀구 매소홀로 435 (학익동),2064,126.6703804319,37.4400717908,FD010100,관광식당,2768140,20251023143000
문학,음식점,39,꽃게담다 by 블루베리팜,인천광역시 남동구 찬우물로 21 (수산동),2383,126.7200731778,37.4381562249,FD010100,관광식당,3410376,20251023143000
문학,음식점,39,청해김밥,인천광역시 미추홀구 경인로 414 (주안동),2400,126.6860090665,37.4579199935,FD030400,김밥 분식,2833581,20251023143000
문학,음식점,39,식객,인천광역시 미추홀구 경인로 469 (주안동),2440,126.6919918224,37.4590560783,FD010100,관광식당,2901277,20251023143000
문학,음식점,39,얼레꼴레만두,인천광역시 미추홀구 한나루로 420 (학익동),2570,126.6659973695,37.4447156184,FD010100,관광식당,2768131,20251023143000
문학,음식점,39,풍전식당,인천광역시 미추홀구 남주길 5,2842,126.6698634116,37.4545145482,FD010100,관광식당,135695,20250317112831
문학,음식점,39,진시황감자탕,인천광역시 연수구 청능대로113번길 37,2904,126.6779471321,37.4140055078,FD010100,관광식당,2768073,20250319134236
문학,숙박,32,글로스터호텔 인천,인천광역시 남동구 소래역로 36,5540,126.7354589383,37.4003414436,AC010100,호텔,2708337,20250121105428
문학,숙박,32,고려호텔,경기도 부천시 원미구 길주로 66 (상동),9089,126.7495686111,37.5054655933,AC010100,호텔,143138,20251128111454
문학,숙박,32,플로체호텔,경기도 부천시 원미구 길주로77번길 19-22 (상동),9269,126.7503546078,37.506995985,AC010100,호텔,2868906,20250516135054
문학,숙박,32,월미도 해월관광호텔,인천광역시 제물포구 월미로260번길 8,9387,126.5980444343,37.473586065,AC010100,호텔,2655586,20260630184428
문학,숙박,32,호텔씨티,경기도 부천시 원미구 석천로178번길 12 (중동),9615,126.7633951953,37.5030633401,AC010100,호텔,3084391,20250516101818
문학,숙박,32,에스알호텔,경기도 부천시 원미구 석천로178번길 22 (중동),9644,126.7640201407,37.5029772501,AC010100,호텔,2868984,20250516135742
문학,숙박,32,웨스트레이븐호텔,경기도 시흥시 옥터로 3 (정왕동),9941,126.6928976111,37.3475440423,AC010100,호텔,2861305,20250530111526
수원,관광지,12,만석공원,경기도 수원시 장안구 정조로 1088 (송죽동),767,127.0030762216,37.3023325662,VE030400,근린공원,3351831,20250730094949
수원,관광지,12,만석거공원,경기도 수원시 장안구 정조로 1087 (송죽동),793,127.0025679483,37.3018381703,VE030100,시민공원,2613660,20250624162435
수원,관광지,12,청련암(수원),경기도 수원시 장안구 수일로 335 청련암,1057,127.0230216845,37.3004859137,HS030100,불교,482135,20251106104832
수원,관광지,12,보현선원,경기도 수원시 장안구 수일로233번길 93 (조원동),1161,127.0189996096,37.3082710513,HS030100,불교,2745742,20250529140137
수원,관광지,12,장안공원,경기도 수원시 장안구 팔달로 238 (영화동),1358,127.0116064122,37.2876844155,VE030100,시민공원,2741599,20250912181930
수원,관광지,12,행궁동 벽화마을,경기도 수원시 팔달구 화서문로72번길 9-7 (북수동),1647,127.0165476856,37.2857125098,VE040200,마을관광지,2745995,20251117184209
수원,관광지,12,연무대(동장대),경기도 수원시 팔달구 창룡대로103번길 20,1652,127.0229636943,37.2884234215,HS010100,고궁,1064469,20250711101133
수원,관광지,12,동북공심돈,경기도 수원시 팔달구 매향동,1661,127.0245163019,37.289451108,HS010200,성ㆍ산성ㆍ성곽,2613657,20250523091632
수원,관광지,12,화성어차,경기도 수원시 팔달구 창룡대로103번길 8 (매향동),1737,127.0237025298,37.2879151603,EX070200,기타체험관광,264402,20250625165033
수원,관광지,12,창룡문,경기도 수원시 팔달구 남수동,1826,127.0251162922,37.287851304,HS010300,문,264392,20250611111042
수원,관광지,12,효원의 종·서장대,경기도 수원시 팔달구 정조로 825 (남창동),2056,127.0163894742,37.2818685077,HS011200,기타역사유적지,264408,20250724143255
수원,관광지,12,팔달산,경기도 수원시 팔달구 팔달산로 131 (화서동),2200,127.0081319361,37.2802435489,NA010100,"산, 고개, 오름, 봉우리",2714556,20250611110025
수원,관광지,12,대유평공원,경기도 수원시 장안구 수성로 175 (정자동),2222,126.9915582378,37.2874813034,NA040100,국립공원,3428384,20250721152937
수원,관광지,12,봉돈,경기도 수원시 팔달구 남수동,2226,127.021214045,37.281551964,HS010200,성ㆍ산성ㆍ성곽,2613659,20250919152424
수원,관광지,12,수원 지동벽화마을,경기도 수원시 팔달구 창룡문로 56 (지동),2241,127.0228972121,37.282049159,VE040200,마을관광지,2946407,20251211175053
수원,관광지,12,수원사(수원),경기도 수원시 팔달구 수원천로 300 (남수동),2279,127.0188337399,37.2803242854,HS030100,불교,486986,20250919151652
수원,관광지,12,수원통닭거리,경기도 수원시 팔달구 정조로800번길 16 (팔달로1가),2340,127.0176533149,37.2794882505,VE040100,"골목길, 문화거리",2613664,20251224104029
수원,관광지,12,팔달공원,경기도 수원시 팔달구 팔달산로 108,2500,127.0104762469,37.2773966977,VE030100,시민공원,125512,20250728142645
수원,관광지,12,팔달문,경기도 수원시 팔달구 정조로 780,2533,127.0167173433,37.2775356819,HS010300,문,264386,20250708105900
수원,관광지,12,팔달사(수원),경기도 수원시 팔달구 행궁로 68 (팔달로3가),2620,127.0156757976,37.2765913284,HS030100,불교,482258,20250523110040
수원,관광지,12,수원향교,경기도 수원시 팔달구 향교로 107-9 (교동),3069,127.0121984561,37.272277877,HS010900,사당,264400,20251126182815
수원,관광지,12,심온선생묘,경기도 수원시 영통구 이의동,3750,127.0531162881,37.2964508084,HS010800,"고분, 능",736630,20250422135638
수원,관광지,12,물봉선어린이공원,경기도 수원시 영통구 이의동,3855,127.0539162797,37.2941510895,VE030300,어린이공원,2781860,20250919154249
수원,관광지,12,광교산 형제봉,경기도 용인시 수지구 신봉동,3955,127.0371140543,37.3288523239,NA010100,"산, 고개, 오름, 봉우리",3033248,20250704091751
수원,관광지,12,타임빌라스 수원,경기도 수원시 권선구 세화로 134 (서둔동),4148,126.9973083655,37.2642285439,EX070200,기타체험관광,3427162,20251023143000
수원,관광지,12,광교중앙공원,경기도 수원시 영통구 이의동,4390,127.0601157007,37.2947511308,VE030100,시민공원,2739469,20250919161926
수원,관광지,12,나혜석거리,경기도 수원시 팔달구 권광로188번길 25-2 (인계동),4490,127.0344383354,37.2640208974,VE040100,"골목길, 문화거리",129191,20251027162322
수원,관광지,12,효원공원,경기도 수원시 팔달구 동수원로 397 (인계동),4688,127.0393239981,37.2642042967,VE030100,시민공원,128985,20250624155558
수원,관광지,12,매탄공원,경기도 수원시 영통구 매탄로 185 (매탄동),4786,127.0459038786,37.2669818704,VE030100,시민공원,2739476,20250919155124
수원,관광지,12,부곡체육공원,경기도 의왕시 부곡공원길 6 (월암동),4959,126.9585160342,37.3146886733,VE030500,주제공원,2743324,20250901155325
수원,문화시설,14,수원시립만석전시관,경기도 수원시 장안구 송정로 19 (송죽동),1085,126.9994711399,37.2970886646,VE070600,미술관/화랑,130711,20251222161233
수원,문화시설,14,슬기샘어린이도서관,경기도 수원시 장안구 송정로 9 (송죽동),1099,126.9991267118,37.2976274856,VE090300,도서관,130826,20250523093926
수원,문화시설,14,경기도교육청중앙도서관,경기도 수원시 장안구 조원로 18 (조원동),1100,127.0230523298,37.2971862973,VE090300,도서관,130831,20250523091435
수원,문화시설,14,수원선경도서관,경기도 수원시 팔달구 신풍로23번길 68 (신풍동),1778,127.0110898983,37.2838931788,VE090300,도서관,130829,20250522173740
수원,문화시설,14,경기도행정역사관,경기도 수원시 장안구 경수대로 1150 (파장동),2452,126.9894215933,37.3135115827,VE070100,박물관,3427294,20250731145226
수원,문화시설,14,미리내마술극단 은하수홀,경기도 수원시 팔달구 정조로 767-8,2614,127.0161118661,37.2767024343,VE060100,공연장,2630998,20250624161006
수원,문화시설,14,수원시민회관,경기도 수원시 팔달구 팔달산로 28 (매산로3가),2915,127.0113318301,37.2736499248,VE060100,공연장,130095,20250523092507
수원,문화시설,14,해움미술관,경기도 수원시 팔달구 매산로 133 (교동),3083,127.0150259762,37.2723112569,VE070600,미술관/화랑,2553414,20251111100532
수원,문화시설,14,수원광교박물관,경기도 수원시 영통구 광교로 182 (이의동),3603,127.0514414417,37.2963952291,VE070100,박물관,2379222,20250714101633
수원,문화시설,14,아주대학교도구박물관,경기도 수원시 영통구 월드컵로 206 (원천동),3619,127.0436398241,37.2802608471,VE070100,박물관,130943,20250523090428
수원,문화시설,14,수원컨벤션센터,경기도 수원시 영통구 광교중앙로 140 (하동),4568,127.0594632301,37.2858799237,VE070400,컨벤션센터,2703375,20251222151438
수원,문화시설,14,국립지도박물관,경기도 수원시 영통구 월드컵로 92,4723,127.0549278136,37.2757949,VE070100,박물관,130744,20250923171002
수원,문화시설,14,경기아트센터,경기도 수원시 팔달구 효원로307번길 20 (인계동),4809,127.0359410498,37.2614073374,VE060100,공연장,130489,20250523105400
수원,음식점,39,서동진의커피랩 본점,경기도 수원시 장안구 경수대로878번길 10-24 (조원동),326,127.0141281122,37.2981887997,FD050100,카페,2830470,20250526141823
수원,음식점,39,그집 해장국,경기도 수원시 장안구 송정로 142 (조원동),369,127.012383866,37.2967361581,FD010100,관광식당,2846370,20250526171033
수원,음식점,39,우리동네 스시카야,경기도 수원시 장안구 경수대로 940 (조원동),456,127.0080701882,37.3031992216,FD010100,관광식당,2848097,20250526173824
수원,음식점,39,신사강정육점식당,경기도 수원시 장안구 정조로1088번길 11 (송죽동),764,127.0033234097,37.302743634,FD010100,관광식당,2835405,20250526162754
수원,음식점,39,예전각설렁탕,경기도 수원시 장안구 경수대로 816 (영화동),820,127.017400141,37.2944726216,FD010100,관광식당,2848130,20250526174107
수원,음식점,39,리틀본수원갈비집,경기도 수원시 장안구 정조로933번길 20 (영화동),1033,127.0115757775,37.2906090763,FD010100,관광식당,2745736,20250528102922
수원,음식점,39,북문 유치회관,경기도 수원시 장안구 수성로340번길 59 (영화동),1058,127.0111202698,37.2903813166,FD010100,관광식당,2873600,20250528170222
수원,음식점,39,그집쭈꾸미볶음,경기도 수원시 장안구 만석로 183 (송죽동),1091,126.9995737385,37.3031657405,FD010100,관광식당,2844733,20250526164436
수원,음식점,39,명성돼지갈비,경기도 수원시 장안구 팔달로271번길 16-16 (영화동),1156,127.0148616097,37.2899258805,FD010100,관광식당,2835369,20250526162211
수원,음식점,39,홍남매칼국수,경기도 수원시 장안구 광교산로 42 (영화동),1166,127.0227468631,37.2950004337,FD010100,관광식당,2846661,20250528165151
수원,음식점,39,콜링우드,경기도 수원시 팔달구 정조로 888 (북수동),1438,127.0152172044,37.2873761823,FD050100,카페,2875180,20250527140838
수원,음식점,39,미식가의주방,경기도 수원시 팔달구 화서문로45번길 32 (장안동),1460,127.0126063466,37.2868067571,FD020300,서양식,2850331,20250526181318
수원,음식점,39,바다로간코끼리꼬창,경기도 수원시 장안구 장안로 24 (영화동),1464,127.0061513616,37.287342691,FD010100,관광식당,2835388,20250526162512
수원,음식점,39,연포갈비,경기도 수원시 팔달구 정조로906번길 56-1 (북수동),1466,127.0169087128,37.2875373049,FD010100,관광식당,274367,20250522161258
수원,음식점,39,모나미 카레,경기도 수원시 팔달구 화서문로17번길 52 (장안동),1466,127.0120536208,37.286726201,FD020300,서양식,3358922,20250801104148
수원,음식점,39,골디스,경기도 수원시 팔달구 신풍로63번길 20 (장안동),1473,127.01271745,37.2867012158,FD050100,카페,3355253,20250731132916
수원,음식점,39,르빵드파리앤브런치하우스 행궁점,경기도 수원시 팔달구 신풍로63번길 3-1 (장안동),1486,127.0135979271,37.286667902,FD050100,카페,2893147,20250527152639
수원,음식점,39,킵댓 본점,경기도 수원시 팔달구 화서문로31번길 14-34,1533,127.0113814776,37.2861012618,FD050100,카페,2892820,20250115140902
수원,음식점,39,호작도,경기도 수원시 팔달구 화서문로75번길 7 (북수동),1575,127.0164587865,37.2863707653,FD050100,카페,2893146,20250527152404
수원,음식점,39,매트그린,경기도 수원시 팔달구 화서문로45번길 8 (장안동),1576,127.0128702394,37.2857818805,FD050100,카페,2893186,20250527153019
수원,음식점,39,제철쌈밥,경기도 수원시 장안구 파장천로44번길 28,1580,126.9971126974,37.3086428395,FD010100,관광식당,2751121,20250103160508
수원,음식점,39,경안당,경기도 수원시 팔달구 화서문로31번길 8-15 (장안동),1589,127.0120064346,37.2856096631,FD050100,카페,2892936,20250527150625
수원,음식점,39,레드브릭커피하우스,경기도 수원시 팔달구 화서문로31번길 9-8 (장안동),1593,127.0107621033,37.2855679786,FD050100,카페,2893073,20250527151541
수원,음식점,39,루소홈,경기도 수원시 팔달구 수원천로 367,1601,127.0173364849,37.2863624486,FD050100,카페,2893127,20250115135430
수원,음식점,39,운멜로 1호점,경기도 수원시 팔달구 화서문로32번길 4 (신풍동),1676,127.011498169,37.2848180784,FD020300,서양식,2867501,20250527104942
수원,음식점,39,슬로우써니사이드,경기도 수원시 팔달구 신풍로45번길 13 (신풍동),1694,127.013564649,37.2847736761,FD050100,카페,2893530,20250527181906
수원,음식점,39,꿍냐우 행궁점,경기도 수원시 팔달구 화서문로16번길 27 (신풍동),1751,127.0090095227,37.2842319917,FD020400,기타외국식,3356102,20250731085002
수원,음식점,39,우전옥간장게장,경기도 수원시 장안구 파장천로 94 (파장동),1773,126.9993262699,37.3127729563,FD010100,관광식당,2753976,20250528141108
수원,음식점,39,팜투하녹,경기도 수원시 팔달구 신풍로23번길 63-18 (신풍동),1815,127.0114065453,37.2835598895,FD050100,카페,2892874,20250527143520
수원,음식점,39,본지르르,경기도 수원시 팔달구 정조로 838 (북수동),1955,127.0167144167,37.2828711753,FD050100,카페,2893243,20250527181326
수원,음식점,39,카페메이븐,경기도 수원시 팔달구 창룡대로74번길 15,1995,127.023149892,37.2847238529,FD050100,카페,2765417,20250115143843
수원,음식점,39,수원만두,경기도 수원시 팔달구 창룡대로8번길 6 (팔달로1가),2109,127.0173977239,37.281585225,FD020100,중식,2867652,20250527113831
수원,음식점,39,연밀,경기도 수원시 팔달구 창룡대로8번길 10 (팔달로1가),2128,127.0174116166,37.2814046913,FD020100,중식,2867885,20250527123036
수원,음식점,39,더유로피언,경기도 수원시 팔달구 행궁로 21-1 (남창동),2169,127.0149674162,37.280610295,FD020300,서양식,2765607,20250529091956
수원,음식점,39,91커피,경기도 수원시 팔달구 행궁로26번길 4 (남창동),2205,127.0146396784,37.280246442,FD050100,카페,2892852,20250527143202
수원,음식점,39,타임체임버바이스템커피 수원스타필드점,경기도 수원시 장안구 수성로 175 (정자동),2222,126.9915582378,37.2874813034,FD050100,카페,3445980,20241224115054
수원,음식점,39,열두알우동집,경기도 수원시 팔달구 정조로801번길 31 (남창동),2225,127.0150229807,37.2801103541,FD020200,일식,3355366,20241126171534
수원,음식점,39,진미통닭,경기도 수원시 팔달구 정조로800번길 21 (남수동),2326,127.0181199331,37.2797104551,FD010100,관광식당,2873447,20250527131929
수원,음식점,39,[백년가게](신)대원옥,경기도 수원시 팔달구 정조로800번길 6-3 (팔달로1가),2343,127.0173089046,37.2793882557,FD010100,관광식당,2607118,20250526130241
수원,음식점,39,모이커피클래식,경기도 수원시 팔달구 월드컵로 325 (우만동),2430,127.0333766731,37.2871626425,FD050100,카페,2867036,20250526182906
수원,숙박,32,탑클라우드호텔 수원점,경기도 수원시 장안구 수성로350번길 13 (영화동),824,127.0109091192,37.2924949568,AC010100,호텔,3083959,20250528100414
수원,숙박,32,시월재,경기도 수원시 장안구 수원천로414번길 7-11 (연무동),1361,127.0202888908,37.2900676278,AC030200,한옥스테이,3533132,20251023143000
수원,숙박,32,모텔나무,경기도 수원시 장안구 창훈로80번길 18 (연무동),1498,127.0279351773,37.2987056523,AC040100,모텔,1770188,20251027104237
수원,숙박,32,여여재,경기도 수원시 팔달구 화서문로16번길 43 (신풍동),1792,127.0089039867,37.2838653646,AC030200,한옥스테이,3102131,20241205124832
수원,숙박,32,스테이용궁,경기도 수원시 팔달구 수원천로316번길 24 (남수동),2192,127.0197725134,37.2814130655,AC030200,한옥스테이,3438561,20241218153629
수원,숙박,32,133파티룸 한옥스테이점,경기도 수원시 팔달구 정조로795번길 10 (팔달로2가),2312,127.0160729035,37.2794632251,AC030200,한옥스테이,3105334,20241205100526
수원,숙박,32,아이비 스테이,경기도 수원시 팔달구 갓매산로76번길 9 (고등동),3358,127.0023632875,37.2704945747,AC010100,호텔,2849935,20250527093709
수원,숙박,32,해시호텔,경기도 수원시 팔달구 갓매산로 72-1 (고등동),3384,127.0030326814,37.2701279625,AC010100,호텔,2849962,20250527094231
수원,숙박,32,S STAY HOTEL,경기도 수원시 팔달구 갓매산로71번길 21-6 (매산로2가),3518,127.0031549272,37.2688725541,AC010100,호텔,2849741,20250527091107
수원,숙박,32,르본수원실크로드호텔,경기도 수원시 팔달구 경수대로466번길 28 (인계동),3954,127.0286304415,37.2671509869,AC010100,호텔,2445211,20251106182128
수원,숙박,32,호텔 세인트,경기도 수원시 권선구 구운로85번길 28 (구운동),4070,126.9716435495,37.2813955418,AC010100,호텔,2847042,20250526173534
수원,숙박,32,호텔더스타일,경기도 수원시 팔달구 인계로124번길 41-5 (인계동),4176,127.0308580561,37.2657622986,AC010100,호텔,2848429,20250626151300
수원,숙박,32,Dune45호텔,경기도 수원시 팔달구 권광로175번길 31-4 (인계동),4370,127.0303359398,37.2636597539,AC040100,모텔,2846932,20250526171945
수원,숙박,32,이비스 앰배서더 수원,경기도 수원시 팔달구 권광로 132,4848,127.03133597,37.2593352731,AC010100,호텔,986600,20251106184553
수원,숙박,32,고기리 다온스테이,경기도 용인시 수지구 호수로52번길 51 (고기동),7675,127.067430086,37.3523418112,AC030200,한옥스테이,3101964,20241205122637
수원,숙박,32,메리엘호텔,경기도 용인시 기흥구 신정로 235 (신갈동),7725,127.0969819598,37.2890496733,AC010100,호텔,3079732,20250721100105
수원,숙박,32,해우당,경기도 용인시 수지구 고기로377번길 51-21 (고기동),7808,127.0648580065,37.3555747238,AC030200,한옥스테이,3532750,20251023143000
대전,관광지,12,보문산마애여래좌상,대전광역시 중구 석교동,1053,127.4338565068,36.3069770168,HS020300,불상,1623937,20250619163504
대전,관광지,12,복전암,대전광역시 중구 부사로 70,1066,127.4336870816,36.3068270309,HS030100,불교,316266,20250620145336
대전,관광지,12,보문산 행복 숲 둘레길,대전광역시 중구 대사동,1130,127.4222602576,36.3093154326,NA040500,생태관광지,127542,20250616172212
대전,관광지,12,봉소루,대전광역시 중구 봉소루로 29,1157,127.4409585926,36.3090796806,HS011200,기타역사유적지,1623927,20250619163239
대전,관광지,12,대흥동 문화예술의거리,대전광역시 중구 대흥동,1198,127.4254345237,36.3258969262,VE040100,"골목길, 문화거리",1909639,20250903111023
대전,관광지,12,우리들공원,대전광역시 중구 중앙로138번길 30,1354,127.4254733664,36.3274661918,VE030100,시민공원,2732202,20250318215837
대전,관광지,12,스카이로드,대전광역시 중구 은행동,1466,127.4278175564,36.3291465966,EX070200,기타체험관광,1964622,20251117151003
대전,관광지,12,대전트래블라운지,대전광역시 동구 중앙로 187-1,1586,127.4300006577,36.3305103683,VE120300,기타문화시설,2722927,20251023143000
대전,관광지,12,서대전공원,대전광역시 중구 계룡로904번길 30 (문화동),1819,127.4119386413,36.3209750271,VE030100,시민공원,3080290,20251031091205
대전,관광지,12,인쇄거리,대전광역시 동구 중앙로203번길 82-1 (정동),1991,127.4293367291,36.3341266098,VE040100,"골목길, 문화거리",1623668,20250718103810
대전,관광지,12,대전역 동광장,대전광역시 동구 새둑길 143 (소제동),2036,127.4362194451,36.3342294989,VE030500,주제공원,2775503,20250902172126
대전,관광지,12,소제동,대전광역시 동구 소제동 일원,2108,127.4392858375,36.3342267754,EX070200,기타체험관광,2662682,20250902173112
대전,관광지,12,대동벽화마을,대전광역시 동구 백룡로48번길 일대,2576,127.4507848261,36.3336214935,VE040200,마을관광지,2752861,20251113155932
대전,관광지,12,문충사,대전광역시 동구 동부로73번길 44,2676,127.4598925974,36.3243616037,HS010900,사당,1622872,20250616180103
대전,관광지,12,삼매당,대전광역시 동구 가양동,3948,127.4562173419,36.345845193,HS011200,기타역사유적지,1622775,20251113180738
대전,관광지,12,박팽년선생유허비,대전광역시 동구 우암로326번길 28,3967,127.4524342918,36.3478532292,HS020100,탑ㆍ비석ㆍ기념탑,1622788,20250620141420
대전,관광지,12,남간정사,대전광역시 동구 충정로 53,4143,127.456620032,36.3477310948,HS010900,사당,1955668,20251113175233
대전,관광지,12,우암사적공원,대전광역시 동구 충정로 53,4299,127.4589725875,36.3481671989,HS011200,기타역사유적지,945477,20251113161044
대전,관광지,12,도산서원(대전),대전광역시 서구 남선로 8,4404,127.3961838684,36.3440748834,HS010900,사당,1955818,20250519092918
대전,관광지,12,남선공원,대전광역시 서구 남선로 66,4469,127.3967004547,36.34530253,VE030100,시민공원,2758252,20251117100552
대전,관광지,12,유회당사당,대전광역시 중구 운남로85번길 32-20,4638,127.4083789899,36.2788325595,HS010900,사당,1623810,20250616180505
대전,관광지,12,무수천하마을,대전광역시 중구 운남로85번길 5 (무수동),4844,127.4069819337,36.2773188187,EX030100,체험마을,803712,20251023143000
대전,관광지,12,안동권씨유회당종가일원,대전광역시 중구 운남로 63,4898,127.4047932299,36.2776965146,HS010400,고택,1623828,20250619162934
대전,문화시설,14,대전 중구문화원,대전광역시 중구 대흥로 109 (대흥동),1007,127.4242708114,36.3232360987,VE090100,한국문화원,129973,20250805160018
대전,문화시설,14,대전전통나래관,대전광역시 동구 철갑2길 2 (소제동),2145,127.4374054282,36.3350238727,VE070300,전시관,2605913,20251117145434
대전,문화시설,14,한밭교육박물관,대전광역시 동구 우암로 96 (삼성동),2391,127.4290949864,36.3377317492,VE070100,박물관,130420,20251104151553
대전,문화시설,14,대전대학교박물관,대전광역시 동구 대학로 62 대전대학교,3182,127.4583035528,36.3353019905,VE070100,박물관,129836,20250721181559
대전,문화시설,14,대전대학교30주년기념관,대전광역시 동구 대학로 62 (용운동),3182,127.4583035528,36.3353019905,VE070200,기념관,3008952,20251030165354
대전,문화시설,14,한남대학교 성지관,대전광역시 대덕구 한남로 70,4288,127.421797972,36.354113079,VE060100,공연장,129723,20251113151331
대전,음식점,39,농민순대,대전광역시 중구 충무로 138,321,127.4318730203,36.3191589221,FD010100,관광식당,2738009,20251204133724
대전,음식점,39,동소예,대전광역시 중구 충무로 125 (대사동),335,127.43052314,36.3191811183,FD010100,관광식당,2867133,20250827144357
대전,음식점,39,반찬식당,대전광역시 중구 보문산공원로 484,1022,127.4212213832,36.3122095272,FD010100,관광식당,2665540,20250717132305
대전,음식점,39,소나무집,대전광역시 중구 대종로460번길 59,1191,127.4305645917,36.3269802267,FD010100,관광식당,1914255,20250512171909
대전,음식점,39,성심당,대전광역시 중구 대종로480번길 15,1328,127.4272426462,36.3277328597,FD030100,제과,1796079,20251023105941
대전,음식점,39,대전 별리달리돈까스,대전광역시 중구 중앙로156번길 28 (은행동),1335,127.4274426245,36.327846739,FD020200,일식,3447047,20250730162944
대전,음식점,39,카라멜,대전광역시 중구 보문로288번길 19 (선화동),1611,127.4225902522,36.328896533,FD020300,서양식,2869359,20250827144656
대전,음식점,39,모습,대전광역시 중구 보문산로 331 (문화동),1668,127.4132887434,36.3127648784,FD050100,카페,2869381,20250827144938
대전,음식점,39,미르식당,대전광역시 중구 계룡로869번길 34 (용두동),1945,127.4124468252,36.3248301507,FD010200,모범음식점,2827895,20250910124034
대전,음식점,39,치앙마이방콕,대전광역시 동구 철갑3길 8 (소제동),2068,127.4377470863,36.3342295261,FD020400,기타외국식,2865825,20250910124247
대전,음식점,39,동서장어,대전광역시 동구 옥천로 136-11,2133,127.4555293166,36.316318001,FD010100,관광식당,2580679,20250325173754
대전,음식점,39,명랑식당,대전광역시 동구 태전로 56-20,2148,127.428853402,36.3355097762,FD010100,관광식당,2580884,20250721101942
대전,음식점,39,대전밀면,대전광역시 동구 옥천로176번길 8,2481,127.459445624,36.3166680302,FD010100,관광식당,2866294,20250910160409
대전,음식점,39,용운산성,대전광역시 동구 새울로 42-21,2930,127.4636839864,36.3220897084,FD010100,관광식당,133876,20250318210308
대전,숙박,32,부사노바,대전광역시 중구 대종로315번길 19 (부사동),321,127.4332647099,36.3137317893,AC060200,게스트하우스,3533155,20250921232257
대전,숙박,32,빨간대문,대전광역시 동구 계족로 194-1 (대동),1858,127.4418384792,36.3308438742,AC060200,게스트하우스,3533154,20250921232321
대전,숙박,32,대전별서,대전광역시 동구 이사로 147-81 (이사동),3666,127.4480863593,36.2860241091,AC030200,한옥스테이,3533130,20251031103056
대전,숙박,32,굿모닝레지던스호텔휴,대전광역시 서구 둔산로73번길 21 (둔산동),5971,127.3817016058,36.3523347925,AC010100,호텔,1932079,20250922105603
대전,숙박,32,호텔ICC,대전광역시 유성구 엑스포로123번길 55 (도룡동),7575,127.392797164,36.377062716,AC010100,호텔,2948479,20251030165517
대전,숙박,32,자우리호텔,대전광역시 유성구 계룡로 157 (봉명동),8445,127.3478935188,36.3523369699,AC040100,모텔,2931419,20251030164144
대전,숙박,32,저스트슬립호텔 유성온천점,대전광역시 유성구 온천로101번길 10-1 (봉명동),8453,127.3495516357,36.3548533784,AC010100,호텔,3085028,20251030170252
대전,숙박,32,호텔 인터시티,대전광역시 유성구 온천로 92,8554,127.3478767993,36.3543395187,AC010100,호텔,143023,20251215093742
대전,숙박,32,대전라마다호텔,대전광역시 유성구 계룡로 127 (봉명동),8741,127.3447160004,36.3532395885,AC010100,호텔,2913368,20251030162450
대전,숙박,32,스탕달호텔,대전광역시 유성구 온천북로 14 (봉명동),8950,127.3445464739,36.3568641707,AC010100,호텔,2931417,20251030163556
대전,숙박,32,스테이 자유,대전광역시 유성구 전민로34번길 27 (전민동),9431,127.4011486341,36.3976827268,AC060200,게스트하우스,3533153,20251023143000
대구,관광지,12,고산서당,대구광역시 수성구 성동로37길 39-3,3567,128.7186911959,35.8526436717,HS010900,사당,1955517,20250318191611
대구,관광지,12,청호서원,대구광역시 수성구 청호로 250-11,3582,128.6409928466,35.8394715028,HS010900,사당,1955594,20250318191938
대구,관광지,12,덕산서원(대구),대구광역시 수성구 청호로46길 5-3,3622,128.6405817836,35.8390493209,HS010900,사당,1955547,20250318191546
대구,관광지,12,영영축성비,대구광역시 수성구 팔현길 248,4283,128.6580570212,35.8749566914,HS020100,탑ㆍ비석ㆍ기념탑,1115466,20250318191928
대구,관광지,12,대구 고모령비,대구광역시 수성구 팔현길 241 (만촌동),4285,128.6569349112,35.874467837,HS020100,탑ㆍ비석ㆍ기념탑,1115515,20250814111243
대구,관광지,12,영남제일관,대구광역시 수성구 팔현길 248,4323,128.6582347697,35.8754399732,HS010200,성ㆍ산성ㆍ성곽,1614023,20250904105123
대구,관광지,12,대구부수성비,대구광역시 수성구 팔현길 248,4324,128.6580042373,35.8753566453,HS020100,탑ㆍ비석ㆍ기념탑,1115359,20250318192108
대구,관광지,12,대구어린이대공원,대구광역시 수성구 동대구로 176,4791,128.6277993617,35.8467259942,VE020100,테마파크,2742469,20250325091651
대구,관광지,12,독무재,대구광역시 수성구 화랑로42길 31,4976,128.6485411211,35.8775173365,HS010900,사당,1614061,20250901110443
대구,문화시설,14,수성구립 고산도서관,대구광역시 수성구 달구벌대로650길 6 고산도서관,2639,128.7106589801,35.8379479631,VE090300,도서관,2366240,20250318192306
대구,문화시설,14,수성구립 용학도서관,대구광역시 수성구 지범로41길 36,3825,128.6461040147,35.821237549,VE090300,도서관,2366233,20251203131510
대구,문화시설,14,국립대구박물관,대구광역시 수성구 청호로 321,3845,128.6383484648,35.8455790962,VE070100,박물관,130132,20250707160956
대구,문화시설,14,물레책방,대구광역시 수성구 달구벌대로492길 15 (범어동),4716,128.6322514488,35.8574387529,VE120100,서점,2650449,20250320155647
대구,문화시설,14,대구어린이세상,대구광역시 수성구 동대구로 176,4792,128.6277826972,35.8466898866,VE060100,공연장,130191,20250325092428
대구,문화시설,14,박물관 수,대구광역시 수성구 국채보상로186길 79,4943,128.6341705181,35.8648379507,VE070100,박물관,2555014,20250318191744
대구,음식점,39,까꾸리웰빙손칼국수,대구광역시 수성구 월드컵로5길 17 (대흥동),1013,128.6828449236,35.8320981099,FD010100,관광식당,2850636,20250910103851
대구,음식점,39,이향,대구광역시 수성구 월드컵로5안길 17-3 (삼덕동),1281,128.6798202577,35.8296483312,FD010100,관광식당,2866106,20250910104130
대구,음식점,39,시지본카페,대구광역시 수성구 노변로 79 (노변동),1670,128.6998043542,35.8388476604,FD050100,카페,3456961,20250731141557
대구,음식점,39,룰리커피,대구광역시 수성구 고모로 188 (고모동),1717,128.6795556428,35.8565425061,FD050100,카페,2850655,20250909103539
대구,음식점,39,고모역쭈꾸미,대구광역시 수성구 고모로 188 (고모동),1717,128.6795556428,35.8565425061,FD010100,관광식당,2866237,20250909170733
대구,음식점,39,서민수산회,대구광역시 수성구 달구벌대로641길 7 (매호동),2332,128.7074702853,35.841050331,FD020200,일식,2850538,20250909102318
대구,음식점,39,공심옥,대구광역시 수성구 유니버시아드로 318 (욱수동),2487,128.705165254,35.8295182598,FD010100,관광식당,2850597,20250909103036
대구,숙박,32,대구 메리어트 호텔,대구광역시 동구 동부로26길 6 (신천동),6092,128.6276707967,35.8753644169,AC010100,호텔,2721572,20251120102325
대구,숙박,32,글렌즈 게스트하우스(글렌즈게스트하우스),대구광역시 중구 달구벌대로445길 16-13,7039,128.6070729458,35.8633459531,AC060200,게스트하우스,2571937,20241126112803
대구,숙박,32,한옥게스트하우스 '安(Ahn)',대구광역시 중구 국채보상로149길 98,7180,128.6108890108,35.8728977199,AC030200,한옥스테이,2695757,20241127151856
대구,숙박,32,히로텔,대구광역시 중구 국채보상로 657-12 (동인동2가),7653,128.6031119965,35.870084006,AC040100,모텔,819941,20250919094757
대구,숙박,32,"한옥,만월 프리미엄스테이",대구광역시 중구 봉산문화1길 8-4 (봉산동),7761,128.5980793198,35.8624153364,AC030200,한옥스테이,3532999,20251023143000
대구,숙박,32,사라네집,대구광역시 남구 중앙대로40길 48-6,7902,128.5930856531,35.8502860622,AC060200,게스트하우스,2624131,20250915132619
대구,숙박,32,호텔 노블스테이,대구광역시 중구 국채보상로123길 23 (동문동),8199,128.5972985735,35.8717420443,AC010100,호텔,2770421,20251030145025
대구,숙박,32,공감호스텔 동성로(공감동성로게스트하우스),대구광역시 중구 동성로12길 9,8274,128.5963486591,35.871689255,AC060200,게스트하우스,2623597,20241126130139
대구,숙박,32,The house of Gallery(The house of gallery),대구광역시 남구 대명로57길 20-22,8336,128.5875973939,35.8450032255,AC060200,게스트하우스,2569249,20241126104030
대구,숙박,32,유원게스트하우스,대구광역시 남구 앞산순환로93길 48,9447,128.5753098848,35.8343097649,AC060200,게스트하우스,2575180,20251023143000
대구,숙박,32,서문한옥게스트하우스,대구광역시 중구 큰장로24길 26,9475,128.5795752731,35.8667617259,AC030200,한옥스테이,2570282,20241126154409
대구,숙박,32,호텔인터불고 엑스코,대구광역시 북구 유통단지로 80 (산격동),9602,128.6113352412,35.9070688589,AC010100,호텔,1315136,20251205141953
광주,관광지,12,광주폴리,전남광주통합특별시 북구 비엔날레로 111,1604,126.890259159,35.1826203741,EX070200,기타체험관광,2605351,20260630212627
광주,관광지,12,창작농성골,전남광주통합특별시 서구 농성동,1678,126.892068068,35.1532764973,VE040200,마을관광지,3032325,20260630184428
광주,관광지,12,금남로,전남광주통합특별시 동구 금남로 일대,2497,126.9106747413,35.1538517467,VE040100,"골목길, 문화거리",1621334,20260630212627
광주,관광지,12,뜻모아센터,전남광주통합특별시 북구 서하로245번길 42 (오치동),2858,126.9076407902,35.1892060356,EX070200,기타체험관광,3353800,20260630212627
광주,관광지,12,원각사(광주),전남광주통합특별시 동구 중앙로 197,3070,126.915907688,35.1508243988,HS030100,불교,346906,20260630212627
광주,관광지,12,충장로,전남광주통합특별시 동구 서석로 37 (충장로1가),3498,126.9176493076,35.1465610212,VE040100,"골목길, 문화거리",1330521,20260630212726
광주,관광지,12,관덕정의 각궁,전남광주통합특별시 남구 사직길 49  ,3553,126.9118638245,35.1419253355,HS020400,기타역사유물,127069,20260630212627
광주,관광지,12,푸른마을공동체센터,전남광주통합특별시 동구 동명로67번길 29 (산수동),3684,126.9258956386,35.1530215418,VE120300,기타문화시설,2752366,20260630184428
광주,관광지,12,광주 경찰충혼탑,전남광주통합특별시 남구 사직길 49,3699,126.9155968119,35.142541996,HS020100,탑ㆍ비석ㆍ기념탑,128158,20260630212627
광주,관광지,12,운천저수지,전남광주통합특별시 서구 운천로 165,3736,126.8562352777,35.1471654718,NA020300,저수지,1621652,20260630184428
광주,관광지,12,이장우가옥,전남광주통합특별시 남구 양촌길 21,3788,126.9141331006,35.1406171882,HS010400,고택,127060,20260630184428
광주,관광지,12,정엄정려비,전남광주통합특별시 남구 서서평길 24,3814,126.9149969077,35.1408366225,HS011200,기타역사유적지,127065,20260630212726
광주,관광지,12,선교기념비,전남광주통합특별시 남구 제중로 56 (양림동),3852,126.9135887299,35.1396061822,HS020100,탑ㆍ비석ㆍ기념탑,127062,20260630212627
광주,관광지,12,컬러브릿지협동조합,전남광주통합특별시 남구 백서로 101-2 (양림동),3894,126.9169078423,35.1411366209,EX070200,기타체험관광,3510971,20260630212627
광주,관광지,12,양림동 펭귄마을공예거리,전남광주통합특별시 남구 백서로 92-8 (양림동),3939,126.9162912532,35.1402200475,VE040100,"골목길, 문화거리",2603494,20260630184428
광주,관광지,12,동리단길 카페거리,전남광주통합특별시 동구 동명동,3956,126.9267289927,35.1492525371,VE040100,"골목길, 문화거리",2565865,20260630212726
광주,관광지,12,운천사마애여래좌상,전남광주통합특별시 서구 금호운천길 85-15,4259,126.8542355879,35.1418410394,HS020300,불상,1621689,20260630212627
광주,관광지,12,신광사(광주),전남광주통합특별시 북구 삼정로66번길 42-10,4554,126.9402606368,35.168922767,HS030100,불교,319722,20260630212627
광주,관광지,12,조선대학교 장미원,전남광주통합특별시 동구 조선대4길 2 (서석동),4610,126.9285012591,35.1412534704,VE020100,테마파크,2687877,20260630212627
광주,관광지,12,상무시민공원,전남광주통합특별시 서구 상무공원로 101,4613,126.8403948478,35.1537505721,VE030100,시민공원,1622203,20260630212726
광주,관광지,12,풍암호수,전남광주통합특별시 서구 풍암동,4794,126.8705150584,35.1276401393,NA020200,호수,1622215,20260630212726
광주,관광지,12,소잉(에이핸즈협동조합),전남광주통합특별시 북구 첨단연신로108번길 31-15 (신용동),4876,126.8650829796,35.2077143361,EX070200,기타체험관광,3353909,20260630212627
광주,문화시설,14,광주 북구문화원,전남광주통합특별시 북구 향토문화로 65 (중흥동),2250,126.9136656663,35.1728940911,VE090100,한국문화원,130208,20260630212627
광주,문화시설,14,금호평생교육관,전남광주통합특별시 남구 중앙로 15,2761,126.9005647433,35.1450970088,VE090300,도서관,130807,20260630212627
광주,문화시설,14,5·18민주화운동 기록관,전남광주통합특별시 동구 금남로 221 (금남로3가),3215,126.9167687536,35.1496023298,VE070200,기념관,2755010,20260630212627
광주,문화시설,14,광주 동구문화원,전남광주통합특별시 동구 예술길 18-1,3276,126.9181741721,35.150118962,VE090100,한국문화원,130391,20260630212726
광주,문화시설,14,광주야외음악당,전남광주통합특별시 서구 내방로 111,3471,126.8513576102,35.160019493,VE060100,공연장,969963,20260630212627
광주,문화시설,14,수피아여자중고등학교,전남광주통합특별시 남구 백서로 13,3930,126.9096335919,35.1368703131,VE090600,학교,2605338,20260630212627
광주,문화시설,14,광주광역시 서구문화원,전남광주통합특별시 서구 풍금로 182,4795,126.8599131134,35.1318478187,VE090100,한국문화원,130033,20260630212627
광주,음식점,39,갤러리24,전남광주통합특별시 서구 천변좌로 14  ,421,126.8847961569,35.1665193235,FD050100,카페,2874038,20260630212627
광주,음식점,39,왕뼈사랑 광천점,전남광주통합특별시 서구 무진대로 937  ,883,126.8829519905,35.161922589,FD010100,관광식당,2872518,20260630212627
광주,음식점,39,개마고원,전남광주통합특별시 서구 상무대로 1094,1863,126.8814718006,35.1525486232,FD010100,관광식당,2664961,20260630212627
광주,음식점,39,농성화로본점,전남광주통합특별시 서구 군분로 228 (농성동),1973,126.882571737,35.1512015711,FD010100,관광식당,2873397,20260630212627
광주,음식점,39,루치아,전남광주통합특별시 남구 월산로116번길 22-1,2372,126.8996369603,35.1485854885,FD020300,서양식,2664654,20260630184428
광주,음식점,39,금강한우전문식육식당,전남광주통합특별시 서구 천변우하로 373,2482,126.8611343006,35.1689075428,FD010100,관광식당,2484460,20260630212627
광주,음식점,39,제일반점,전남광주통합특별시 동구 구성로 174,2794,126.912596852,35.1515409291,FD020100,중식,132880,20260630212627
광주,숙박,32,호텔여기어때 광주역점,전남광주통합특별시 북구 중흥로140번길 19 (중흥동),1931,126.9090330311,35.1613814244,AC040100,모텔,2542013,20260630184428
광주,숙박,32,호텔 5월 (Hotel The May),전남광주통합특별시 서구 상무번영로 51,3561,126.852777065,35.1545895749,AC040100,모텔,1874417,20260630212627
광주,숙박,32,여로(산수동 한옥체험시설),전남광주통합특별시 동구 동계로 16-17,3621,126.9251984745,35.1531798459,AC060200,게스트하우스,2708324,20260630212627
광주,숙박,32,아리네 게스트하우스,전남광주통합특별시 남구 천변좌로428번길 6  ,3799,126.9160162417,35.1416504368,AC060200,게스트하우스,2548018,20260630184428
광주,숙박,32,볼튼호텔,전남광주통합특별시 서구 상무연하로 31,3964,126.8499468484,35.1510343734,AC010100,호텔,2595914,20260630212627
광주,숙박,32,탑클라우드호텔(광주점),전남광주통합특별시 광산구 임방울대로825번길 57-1,6848,126.8481841546,35.2205042717,AC010100,호텔,2701017,20260630212627
광주,숙박,32,이끌림 비지니스호텔 하남,전남광주통합특별시 광산구 무진대로212번길 14-27 (우산동),7775,126.8020202784,35.1612101945,AC010100,호텔,2779463,20260630212627
광주,숙박,32,유)한성 마드리드 광주호텔,전남광주통합특별시 광산구 광산로19번길 11,9104,126.79347715,35.1387237021,AC010100,호텔,2700992,20260630212627
사직,관광지,12,금용암(부산),부산광역시 연제구 성지곡로 111,1075,129.049663856,35.1916075512,HS030100,불교,298112,20250407142522
사직,관광지,12,동래향교,부산광역시 동래구 동래로 103,2486,129.0841215255,35.2077202717,HS010900,사당,1607360,20250319192601
사직,관광지,12,법륜사(부산),부산광역시 동래구 동래로 160 (칠산동),2580,129.0879435276,35.2036235793,HS030100,불교,309338,20250513165123
사직,관광지,12,부산 복천동 고분군,부산광역시 동래구 복천로 66,2947,129.0906820891,35.2068732659,HS010800,"고분, 능",231945,20250509102810
사직,관광지,12,감천사(부산),부산광역시 연제구 묘봉산로 40,3017,129.0912632411,35.1833036953,HS030100,불교,294452,20250424114002
사직,관광지,12,부산진 별빛산책길,부산광역시 부산진구 범전동,3517,129.0546280676,35.1640385095,VE040100,"골목길, 문화거리",3093625,20250306102808
사직,관광지,12,선암사(부산),부산광역시 부산진구 백양산로 138,3601,129.0275328529,35.1768587956,HS030100,불교,128053,20251023143000
사직,관광지,12,금강사(부산),부산광역시 동래구 우장춘로 211 (온천동),3601,129.0771855435,35.2250098725,HS030100,불교,1607440,20251127135416
사직,관광지,12,동래온천길(온천천 카페거리),부산광역시 동래구 온천천로 451,3724,129.1024592605,35.1916279693,VE040100,"골목길, 문화거리",2822334,20250114143147
사직,관광지,12,금강식물원,부산광역시 금정구 장전동 산 43-1,3747,129.077063292,35.2264763727,NA040700,수목원ㆍ정원,128830,20250522092857
사직,관광지,12,영주암(부산),부산광역시 수영구 망미배산로76번나길 15,3951,129.0986683346,35.1766545764,HS030100,불교,337532,20250407144325
사직,관광지,12,그런고로,부산광역시 부산진구 서전로 40 (전포동),4203,129.0642468527,35.1575588567,EX070200,기타체험관광,3421909,20241120093621
사직,관광지,12,마하사(부산),부산광역시 연제구 봉수로 138,4227,129.0876863061,35.1639058017,HS030100,불교,304695,20250407143316
사직,관광지,12,운수사(부산),부산광역시 사상구 모라로219번길 173,4411,129.0134338969,35.183582782,HS030100,불교,346661,20251024164620
사직,관광지,12,황령산,부산광역시 남구 황령산로 391-39,4585,129.0827285679,35.1579341561,NA010100,"산, 고개, 오름, 봉우리",128290,20250319185334
사직,관광지,12,황령산 전망대,부산광역시 남구 황령산로 391-39,4585,129.0827285679,35.1579341561,VE010200,타워 / 전망대,2733472,20250814171424
사직,관광지,12,백양산 웰빙숲,부산광역시 사상구 모라동,4722,129.0093258839,35.1849381103,NA010200,숲,2677748,20251128094618
사직,관광지,12,전포 삼거리,부산광역시 부산진구 진남로 320 (전포동),4734,129.071940736,35.1536149962,VE040100,"골목길, 문화거리",2944033,20251029163849
사직,관광지,12,남부산교회,부산광역시 부산진구 진남로 300 남부산교회,4894,129.0732462115,35.1523762699,HS030200,기독교,2944336,20251110114042
사직,문화시설,14,부산광역시립 시민도서관,부산광역시 부산진구 월드컵대로 462 (초읍동),1669,129.0503001507,35.1828835404,VE090300,도서관,130752,20250306111111
사직,문화시설,14,한국기독교선교박물관,부산광역시 동래구 충렬대로202번가길 24 (수안동),2067,129.0828690343,35.2012570842,VE070100,박물관,2550799,20250418101247
사직,문화시설,14,동래읍성 임진왜란 역사관,부산광역시 동래구 충렬대로 지하223 (수안동),2178,129.0839244809,35.2018764786,VE070300,전시관,3017112,20250730130406
사직,문화시설,14,동래문화원,부산광역시 동래구 문화로 80 (명륜동),3234,129.0905625108,35.2121198984,VE090100,한국문화원,130381,20250808110727
사직,문화시설,14,부산광역시립 연산도서관,부산광역시 연제구 고분로191번길 16 부산광역시립연산도서관,3973,129.1040120547,35.1861091721,VE090300,도서관,130797,20250307110051
사직,문화시설,14,부산광역시립 명장도서관,부산광역시 동래구 명안로46번길 35,4113,129.1065697598,35.200871455,VE090300,도서관,130749,20250315133957
사직,문화시설,14,부산대학교 박물관,부산광역시 금정구 부산대학로63번길 2,4551,129.0798600805,35.2333923163,VE070100,박물관,1607138,20250304170945
사직,음식점,39,금강만두,부산광역시 동래구 사직북로5번길 11,105,129.0602739189,35.1961627928,FD010100,관광식당,2852685,20250121153640
사직,음식점,39,주문진 막국수,부산광역시 동래구 사직로58번길 8 (사직동),138,129.0595628726,35.1960405705,FD010100,관광식당,2838820,20250530133932
사직,음식점,39,아시오,부산광역시 부산진구 초읍동,1782,129.0492419275,35.1822280386,FD050100,카페,2865384,20250829152835
사직,음식점,39,오소리순대,부산광역시 연제구 월드컵대로 162 (연산동),1842,129.0789086531,35.1872308043,FD010100,관광식당,2838973,20250530145744
사직,음식점,39,파나카F,부산광역시 동래구 금정마을로 54,1881,129.0627927041,35.2121971536,FD050100,카페,2853081,20250120132727
사직,음식점,39,초함,부산광역시 부산진구 성지로 101 (초읍동),1938,129.0523750701,35.1792367648,FD010100,관광식당,2865403,20250619111207
사직,음식점,39,가야할매 밀면,부산광역시 연제구 월드컵대로145번길 32,2033,129.0798725132,35.1851949389,FD010100,관광식당,849929,20250307142014
사직,음식점,39,동래밀면,부산광역시 동래구 명륜로 47 (수안동),2103,129.0841689993,35.1984074269,FD010100,관광식당,2778476,20250916090135
사직,음식점,39,팔미초밥,부산광역시 연제구 월드컵대로119번길 8,2192,129.081816795,35.1849700007,FD020200,일식,133314,20250307141556
사직,음식점,39,부산 카페 라운지,부산광역시 연제구 중앙대로1056번길 13 (연산동),2194,129.0796892677,35.1825730073,FD050100,카페,3452014,20250724142917
사직,음식점,39,소문난원조조방낙지본점,부산광역시 동래구 명륜로94번길 37 (명륜동),2270,129.0839355318,35.2040345702,FD010100,관광식당,2784320,20250828090748
사직,음식점,39,수안커피컴퍼니 커피하우스,부산광역시 동래구 충렬대로256번길 32 (수안동),2355,129.086710405,35.1998517568,FD050100,카페,2852696,20250612100458
사직,음식점,39,배종관동래삼계탕,부산광역시 동래구 동래로116번길 39 (복천동),2399,129.0847770907,35.205298333,FD010100,관광식당,2869113,20250620150549
사직,음식점,39,신가네 호떡 김밥 떡볶이,부산광역시 동래구 충렬대로249번길 61 (복천동),2504,129.0867797268,35.204101282,FD030400,김밥 분식,2869183,20250620152258
사직,음식점,39,수복돼지국밥,부산광역시 연제구 고분로 41-1 (연산동),2544,129.0869385453,35.1859366536,FD010100,관광식당,2838489,20250530133002
사직,음식점,39,양정기사식당,부산광역시 부산진구 중앙대로970번길 38,2603,129.0753259678,35.1749487805,FD010100,관광식당,2867517,20250113150140
사직,음식점,39,타이빈,부산광역시 동래구 금강로73번길 12 (온천동),2751,129.0773274366,35.2162997405,FD020400,기타외국식,2869532,20250623145154
사직,음식점,39,태백관,부산광역시 동래구 충렬대로285번길 31 (칠산동),2769,129.0908960978,35.2018349452,FD020100,중식,2852602,20250828173532
사직,음식점,39,303화덕 동래온천장점,부산광역시 동래구 차밭골로 37 (온천동),2838,129.0774746236,35.2171413152,FD020300,서양식,2870800,20250627091945
사직,음식점,39,303일상,부산광역시 동래구 차밭골로 36-4 (온천동),2839,129.0777662684,35.2170080024,FD020200,일식,2853243,20250612103806
사직,숙박,32,부산 센트럴호텔,부산광역시 연제구 중앙대로 1122,2026,129.0815722951,35.1877669046,AC010100,호텔,1215432,20250326152406
사직,숙박,32,이비스 앰배서더 부산 시티센터,부산광역시 부산진구 중앙대로 777,3715,129.0618719415,35.1618722189,AC010100,호텔,1428723,20250721102855
사직,숙박,32,토요코인호텔 부산서면,부산광역시 부산진구 서전로 39 (전포동),4153,129.0640801887,35.1580060259,AC010100,호텔,1162526,20251120104828
사직,숙박,32,청킹멘션부산,부산광역시 부산진구 서전로58번길 15-3 (전포동),4255,129.0663189033,35.1572450414,AC060200,게스트하우스,3533147,20250922185238
사직,숙박,32,브라운도트 호텔 서면역점 비즈니스,부산광역시 부산진구 가야대로756번길 16 (부전동),4337,129.0540422103,35.156639327,AC010100,호텔,3044610,20250317144118
사직,숙박,32,베를리너 하우스,부산광역시 부산진구 전포대로224번길 26 (전포동),4348,129.066938315,35.1564645846,AC060200,게스트하우스,3533137,20250922124918
사직,숙박,32,읽다부산,부산광역시 부산진구 전포대로209번길 43 (전포동),4445,129.0628664782,35.1553201932,AC060200,게스트하우스,3533143,20250922125451
사직,숙박,32,트래블라이트,부산광역시 부산진구 서면로68번길 52 (부전동),4518,129.0582835611,35.1546812913,AC060200,게스트하우스,3532722,20251023143000
사직,숙박,32,단아,부산광역시 부산진구 전포대로132번길 7 (전포동),5184,129.0666302168,35.1488570979,AC030400,홈스테이,3532630,20250921214808
사직,숙박,32,브라운도트호텔 서면범천점,부산광역시 부산진구 황령대로7번길 20-11 (범천동),5197,129.0606113054,35.1485125805,AC010100,호텔,3083398,20251120111238
사직,숙박,32,누스테이 부산,부산광역시 수영구 수영로 722-1 (광안동),5936,129.1183890728,35.168222552,AC030400,홈스테이,3532715,20250921221819
사직,숙박,32,라메르호텔,부산광역시 동구 조방로34번길 9,6085,129.062319709,35.1405246178,AC010100,호텔,142861,20260105154033
사직,숙박,32,행운인생,부산광역시 남구 고동골로 40 (문현동),6152,129.0712911502,35.140541448,AC060200,게스트하우스,3533150,20250922192817
사직,숙박,32,호텔 프렌치코드,부산광역시 금정구 중앙대로1805번길 16 (구서동),6177,129.0923197882,35.2449384744,AC010100,호텔,2701011,20251120111707
사직,숙박,32,호두스테이,부산광역시 수영구 수영로594번길 7 (광안동),6203,129.1138897159,35.1590373868,AC030400,홈스테이,3532608,20250921213820
사직,숙박,32,The Park Guest House,부산광역시 수영구 광남로 151,6768,129.1177867137,35.1548712584,AC060200,게스트하우스,2624014,20250915133447
사직,숙박,32,더파크 게스트하우스(The Park Guesthouse),부산광역시 수영구 광남로 151,6770,129.1177811592,35.1548434836,AC060200,게스트하우스,2531399,20241222171924
사직,숙박,32,JSTAY,부산광역시 수영구 남천바다로 31-1,7004,129.1140538711,35.1488052015,AC060200,게스트하우스,2696504,20241127135242
사직,숙박,32,샌드스테이,"부산광역시 수영구 광안해변로279번길 29 (민락동, 유정)",7147,129.1253526663,35.1569128366,AC060200,게스트하우스,3533138,20251023143000
사직,숙박,32,더웨이브,부산광역시 수영구 민락수변로 9,7188,129.1241833736,35.155099129,AC060200,게스트하우스,2699332,20241126130502
사직,숙박,32,민락스테이,부산광역시 수영구 민락본동로 28 (민락동),7252,129.12883841,35.1592487503,AC030400,홈스테이,3532667,20250921220955
사직,숙박,32,그레이193호텔,부산광역시 수영구 광안해변로278번길 42 오션브릿지,7288,129.1245417048,35.1540103687,AC010100,호텔,2816102,20250626144604
사직,숙박,32,옐로우라이트하우스,부산광역시 수영구 광안해변로370번길 9-32,7809,129.1343130018,35.1567852389,AC060200,게스트하우스,2699563,20241127115115
사직,숙박,32,호텔포레 더 스파,부산광역시 동구 중앙대로296번길 6,8198,129.0446439572,35.1226151856,AC010100,호텔,2378912,20250319185639
사직,숙박,32,하운드호텔 부산역점,부산광역시 동구 중앙대로236번길 9 하운드호텔,8761,129.0427025928,35.1177518053,AC010100,호텔,2804372,20250122113640
사직,숙박,32,아스티호텔 부산,부산광역시 동구 중앙대로214번길 7-8 (초량동),8911,129.0418304807,35.1165019291,AC010100,호텔,3464876,20250409085310
사직,숙박,32,이바구캠프,부산광역시 동구 망양로525번길 22,8924,129.0285565614,35.1192013827,AC060200,게스트하우스,2607423,20251023143000
사직,숙박,32,캔버스,부산광역시 해운대구 해운대해변로197번길 13,9096,129.1526891145,35.1592353048,AC060200,게스트하우스,2622984,20241127144557
사직,숙박,32,캔버스 블랙,부산광역시 해운대구 해운대해변로197번길 14,9113,129.1530057486,35.1594102909,AC060200,게스트하우스,2663616,20241127144627
사직,숙박,32,더펫텔프리미엄스위트,부산광역시 해운대구 해운대해변로197번길 12,9132,129.1531418525,35.1592408683,AC040100,모텔,2754601,20251105161958
사직,숙박,32,모닝듀 게스트 하우스(모닝듀),부산광역시 동구 초량중로21번길 5-2,9268,129.036433792,35.1141493149,AC060200,게스트하우스,2572851,20241127144650
사직,숙박,32,싱글싱글,부산광역시 동구 초량중로 18-1,9303,129.036839323,35.1137465906,AC060200,게스트하우스,2622969,20241126163948
사직,숙박,32,펠릭스바이STX,부산광역시 해운대구 해운대로 620 해운대 라뮤에뜨,9394,129.1584801742,35.163001657,AC020200,레지던스,2731553,20250121160455
사직,숙박,32,베이몬드호텔,부산광역시 해운대구 해운대해변로209번가길 27,9407,129.1567804158,35.1595992286,AC010100,호텔,2811461,20250122135930
사직,숙박,32,제이비디자인호텔,부산광역시 해운대구 구남로12번길 31 (우동),9415,129.1580746892,35.1617295697,AC040100,모텔,3083428,20251120105150
사직,숙박,32,블루스토리 호텔,부산광역시 해운대구 해운대해변로237번길 11 (우동),9450,129.1575108976,35.1599464255,AC010100,호텔,3016434,20251120113034
사직,숙박,32,노떼 라 미아 호텔,부산광역시 동구 대영로 265,9454,129.0397363452,35.111846856,AC040100,모텔,2892757,20250917154758
사직,숙박,32,리베로호텔,부산광역시 해운대구 구남로29번길 21,9646,129.161266058,35.1624489933,AC010100,호텔,142978,20250919112041
사직,숙박,32,코오롱 씨클라우드 호텔,부산광역시 해운대구 해운대해변로 287 (중동),9813,129.1622688032,35.1604686777,AC010100,호텔,2039866,20251023143000
사직,숙박,32,코모도 호텔 부산,부산광역시 중구 중구로 151 (영주동),9867,129.03530348,35.108816558,AC010100,호텔,142852,20251120111244
창원,관광지,12,산호공원,경상남도 창원시 마산합포구 용마산길 142 (산호동),898,128.5830122858,35.2138854002,VE030500,주제공원,127623,20251215111905
창원,관광지,12,굿데이뮤지엄,경상남도 창원시 마산회원구 봉암공단2길 22,1404,128.5975692186,35.2186517958,EX060800,화장품/주류/먹거리,2473001,20251216163325
창원,관광지,12,양덕삼각지공원,경상남도 창원시 마산회원구 양덕동18길 13 (양덕동),1473,128.5901583509,35.2336444219,NA050100,기타자연관광,3456409,20241220172300
창원,관광지,12,회원서원,경상남도 창원시 마산회원구 회원북23길 22 (회원동),1502,128.5655664163,35.2202760326,HS010900,사당,1960084,20250820141839
창원,관광지,12,창동예술촌,경상남도 창원시 마산합포구 오동서6길 24,1778,128.5748020743,35.2071082341,VE040100,"골목길, 문화거리",1905110,20251112091839
창원,관광지,12,오동동문화광장,경상남도 창원시 마산합포구 동서북17길 7-1 (동성동),1819,128.577104678,35.2061111658,VE030500,주제공원,2864052,20250827171254
창원,관광지,12,부림시장 먹자골목,경상남도 창원시 마산합포구 3·15대로 352,1955,128.5734827796,35.2058277985,VE040100,"골목길, 문화거리",2615314,20250903092958
창원,관광지,12,추산근린공원,경상남도 창원시 마산합포구 문신길 147,2061,128.5671193902,35.2079441121,VE030400,근린공원,2044361,20251212135047
창원,관광지,12,마산 오동동 아구찜거리,경상남도 창원시 마산합포구 어시장6길 18 (남성동),2171,128.5759215302,35.2030753737,VE040100,"골목길, 문화거리",128279,20251215130052
창원,관광지,12,창원 관해정,경상남도 창원시 마산합포구 관해정길 17,2182,128.5617225497,35.2112741959,HS011200,기타역사유적지,250428,20251023143000
창원,관광지,12,팔용산 돌탑,경상남도 창원시 마산회원구 봉암동,2352,128.6043376655,35.2337168931,HS020100,탑ㆍ비석ㆍ기념탑,1622405,20250316145327
창원,관광지,12,몽고정,경상남도 창원시 마산합포구 자산동,2419,128.5686277214,35.2031252361,HS011200,기타역사유적지,250427,20251218101038
창원,관광지,12,봉암수원지,경상남도 창원시 마산회원구 봉암동 산 88,2418,128.6077513641,35.2297007397,NA020300,저수지,2750713,20250319193320
창원,관광지,12,서원곡유원지,경상남도 창원시 마산합포구 서원곡1길 104 (교방동),2575,128.5579673735,35.2094076709,VE030500,주제공원,127703,20250819131642
창원,관광지,12,마산항중앙부두공원,경상남도 창원시 마산합포구 해안대로 224-35 (신포동1가),3236,128.5706277829,35.1943429252,NA040400,지질공원,3432963,20241227095600
창원,관광지,12,구암서원(창원),경상남도 창원시 마산회원구 구암북4길 7-10 (구암동),3423,128.5917521652,35.2518535171,HS010900,사당,1959502,20250820134753
창원,관광지,12,두곡서원(창원),경상남도 창원시 마산회원구 두곡길 54 (두척동),3529,128.5488979221,35.2391041712,HS010900,사당,1959571,20250414150527
창원,관광지,12,팔용근린공원,경상남도 창원시 의창구 반계동,3618,128.6114506354,35.2447185646,VE030400,근린공원,2867933,20250827180939
창원,관광지,12,마산항,경상남도 창원시 마산합포구 월포동 1-4,3619,128.5685808222,35.1912682333,NA020700,항구/포구,2793133,20250108171035
창원,관광지,12,임항선 그린웨이,경상남도 창원시 마산합포구 월포동,3956,128.5645534496,35.1892850496,VE030100,시민공원,2615313,20250318191557
창원,관광지,12,무학산,경상남도 창원시 마산회원구 내서읍 감천리,4317,128.5358248283,35.2107404533,NA010100,"산, 고개, 오름, 봉우리",127576,20251201140306
창원,문화시설,14,창원시립마산문신미술관,경상남도 창원시 마산합포구 문신길 147,2046,128.5692942322,35.206760951,VE070600,미술관/화랑,130086,20251119101656
창원,문화시설,14,창원시립마산박물관,경상남도 창원시 마산합포구 문신길 105 창원시립마산박물관,2207,128.5682499109,35.2055721767,VE070100,박물관,130421,20251111131755
창원,음식점,39,24시 남양돼지국밥,경상남도 창원시 마산회원구 합포로 286,497,128.5878588498,35.2226039534,FD010100,관광식당,2575758,20251204130522
창원,음식점,39,백두산숯불왕갈비,경상남도 창원시 마산회원구 산호천동길 38,735,128.5852922583,35.2281310638,FD010100,관광식당,2576217,20251104141400
창원,음식점,39,평양냉면,경상남도 창원시 마산회원구 양덕옛2길 73 석전오피스텔,1110,128.5781705708,35.2313861244,FD010100,관광식당,2844542,20251023143000
창원,음식점,39,진고려삼계탕,경상남도 창원시 마산회원구 양덕로 163,1179,128.5824729405,35.2325749575,FD010100,관광식당,2576705,20251204111153
창원,음식점,39,카페베르다드,경상남도 창원시 마산합포구 회원천북길 491 산호  베스티움,1441,128.5818041902,35.208980373,FD050100,카페,2807906,20251204133114
창원,음식점,39,나들이복집,경상남도 창원시 마산합포구 오동남2길 17-1,1728,128.5787184116,35.2066528008,FD010100,관광식당,2783889,20251127094255
창원,음식점,39,오동동아구할매집,경상남도 창원시 마산합포구 아구찜길 13,1791,128.5783712337,35.2061334085,FD010100,관광식당,133537,20250317211357
창원,음식점,39,한우촌,경상남도 창원시 마산합포구 해안대로 416,1793,128.5840485223,35.2058640971,FD010100,관광식당,2576911,20251204162450
창원,음식점,39,창원 어글리더클리,경상남도 창원시 마산회원구 봉암공단14길 21 (봉암동),1808,128.5982360116,35.211805354,FD050100,카페,3456329,20250729115630
창원,음식점,39,창동분식,경상남도 창원시 마산합포구 오동서6길 10,1813,128.5752048296,35.2066444048,FD030400,김밥 분식,2019786,20251205132026
창원,음식점,39,옛날우정아구찜,경상남도 창원시 마산합포구 동서북16길 13,1824,128.577676855,35.2059473056,FD010100,관광식당,2783859,20251125180145
창원,음식점,39,고려당,경상남도 창원시 마산합포구 동서북10길 68,1870,128.5754270485,35.2060389212,FD050100,카페,2019802,20251112173838
창원,음식점,39,시티베이,경상남도 창원시 마산회원구 무역로 111,1871,128.5987054268,35.2113693004,FD050100,카페,2865255,20250115160510
창원,음식점,39,참한식,경상남도 창원시 마산합포구 오동동4길 19,1878,128.5803766408,35.2051113373,FD010100,관광식당,2844242,20251023143000
창원,음식점,39,[백년가게]불로식당,경상남도 창원시 마산합포구 남성로 137,1912,128.5765436359,35.2053640171,FD010100,관광식당,2607105,20251126095831
창원,음식점,39,6.25 떡볶이,경상남도 창원시 마산합포구 동서북12길 16-23,1957,128.5738605286,35.2056778222,FD030400,김밥 분식,2019782,20251204134608
창원,음식점,39,오오브,경상남도 창원시 마산합포구 동서북9길 30-1 (남성동),2031,128.5750687858,35.2046057422,FD020300,서양식,3443429,20250730150639
창원,음식점,39,아라횟집,경상남도 창원시 마산합포구 어시장9길 84,2220,128.5774269733,35.2023449282,FD020200,일식,2576551,20251104131137
창원,음식점,39,삼대초밥,경상남도 창원시 마산합포구 합포로 11,2231,128.5736967239,35.2030808884,FD020200,일식,2864992,20250724134631
창원,음식점,39,풍년활어횟집,경상남도 창원시  어시장8길 (68),2243,128.5764853905,35.2022949167,FD010100,관광식당,2805978,20251104112735
창원,음식점,39,신포장어,경상남도 창원시 마산합포구 수산2길 113,2572,128.5754355591,35.1994479951,FD010100,관광식당,2865788,20250724164723
창원,음식점,39,노렌스시,경상남도 창원시 마산합포구 해안대로 288,2707,128.5730941167,35.1987147007,FD020200,일식,2846199,20251023143000
창원,음식점,39,카페 시옷이응지읒,경상남도 창원시 마산회원구 구암남3길 25 (구암동),2784,128.5922717291,35.2457319917,FD050100,카페,3443411,20250729092042
창원,숙박,32,게스트하우스 리좀,경상남도 창원시 마산합포구 동서북14길 24,1620,128.5735799046,35.2091496495,AC060200,게스트하우스,2600730,20250919164214
창원,숙박,32,크라운관광호텔,경상남도 창원시 의창구 창원대로363번길 22-5 (팔용동),5427,128.6400510996,35.2378504117,AC010100,호텔,143043,20251118092547
창원,숙박,32,까미노(Camino) bnb,경상남도 창원시 성산구 반송로81번길 37,7716,128.6652043289,35.2426003363,AC060200,게스트하우스,2618541,20250923140749
창원,숙박,32,AT비지니스호텔,경상남도 창원시 성산구 용지로 102 개나리종합상가,8544,128.6783758898,35.2245192728,AC010100,호텔,2811449,20250122141220
창원,숙박,32,스페이스 우분투,경상남도 창원시 진해구 여명로 29-1,9464,128.6541131099,35.1589984063,AC060200,게스트하우스,2604028,20251023143000
